silk_id,1,2,3,4,5,6,7,8,9,10,11,12,13,14,15,16,17,18,19,20,21,22,23,24,25,26,27,28,29,30,31,32,33,34,35,36,37,38,39,40,41,42,43,44,45,46,47,48,49,50,51,52,53,54,55,56,57,58,59,60,61,62,63,64,65,66,67,68,69,70,71,72,73,74,75,76,77,78,79,80,81,82,83,84,85,86,87,88,89,90,91,92,93,94,95,96,97,98,101,105,109,113,117,121,124,129,133,137,141
1,2.0000999999999998,NA,NA,NA,15.9999,NA,NA,NA,33.9999,NA,NA,NA,123.9999,NA,NA,NA,32.0001,33.9999,NA,NA,NA,NA,NA,NA,NA,36,NA,NA,NA,9.9999,NA,NA,44.0001,NA,NA,NA,56.000099999999996,NA,NA,NA,18,NA,NA,NA,75.9999,NA,NA,NA,48,NA,NA,NA,NA,NA,NA,NA,NA,NA,NA,NA,NA,NA,NA,NA,NA,NA,NA,NA,NA,NA,NA,NA,NA,NA,NA,NA,NA,NA,NA,NA,NA,NA,NA,NA,NA,NA,NA,NA,NA,NA,NA,NA,NA,NA,NA,NA,NA,NA,NA,NA,NA,NA,NA,NA,NA,NA,NA,NA,NA
2,2.0000999999999998,NA,NA,NA,0,NA,NA,NA,2.0000999999999998,NA,NA,NA,9.9999,NA,NA,NA,21.9999,NA,NA,NA,20.0001,NA,NA,NA,21.9999,NA,NA,NA,9.9999,NA,NA,NA,24,NA,NA,NA,18,NA,NA,NA,6,NA,NA,NA,63.999900000000004,NA,NA,NA,33.9999,NA,NA,NA,14.0001,NA,NA,NA,18,NA,NA,NA,12,NA,NA,NA,20.0001,NA,NA,NA,51.999900000000004,NA,NA,NA,38.0001,NA,NA,NA,21.9999,NA,NA,NA,3.9999,NA,NA,NA,15.9999,NA,NA,NA,15.9999,NA,NA,NA,15.9999,NA,NA,NA,39.9999,NA,32.0001,NA,NA,NA,NA,NA,NA,NA,NA,NA,NA
3,2.0000999999999998,NA,NA,NA,9.9999,NA,NA,NA,8.0001,NA,NA,NA,50.000099999999996,NA,NA,NA,98.0001,NA,NA,NA,80.0001,NA,NA,NA,104.0001,NA,NA,NA,44.0001,NA,NA,NA,63.999900000000004,NA,NA,NA,57.999900000000004,NA,NA,NA,24,NA,NA,NA,93.9999,NA,NA,NA,9.9999,NA,NA,NA,44.0001,NA,NA,NA,9.9999,NA,NA,NA,44.0001,NA,NA,NA,69.9999,NA,NA,NA,54,NA,NA,NA,51.999900000000004,NA,NA,NA,51.999900000000004,NA,NA,NA,39.9999,NA,NA,NA,18,NA,NA,NA,NA,NA,NA,NA,NA,NA,NA,NA,NA,NA,NA,NA,NA,NA,NA,NA,NA,NA,NA,NA,NA
4,0,NA,NA,NA,1.8837000000000002,NA,NA,NA,11.3016,NA,NA,NA,69.69300000000001,NA,NA,NA,177.05790000000002,NA,NA,NA,22.6032,NA,NA,NA,30.1374,NA,NA,NA,54.624300000000005,NA,NA,NA,30.1374,NA,NA,NA,20.7195,NA,NA,NA,16.9524,NA,NA,NA,7.5344999999999995,NA,NA,NA,28.253999999999998,NA,NA,NA,30.1374,NA,NA,NA,9.4179,NA,NA,NA,1.8837000000000002,NA,NA,NA,1.8837000000000002,NA,NA,NA,0,NA,NA,NA,11.3016,NA,NA,NA,5.6508,NA,NA,NA,7.5344999999999995,NA,NA,NA,NA,NA,NA,NA,NA,NA,NA,NA,NA,NA,NA,NA,NA,NA,NA,NA,NA,NA,NA,NA,NA,NA,NA,NA,NA
5,0,NA,NA,NA,2.0000999999999998,NA,NA,NA,8.0001,NA,NA,NA,21.9999,NA,NA,NA,26.000100000000003,NA,NA,NA,21.9999,NA,NA,NA,15.9999,NA,NA,NA,2.0000999999999998,NA,NA,NA,NA,NA,NA,NA,NA,NA,NA,NA,NA,NA,NA,NA,NA,NA,NA,NA,NA,NA,NA,NA,NA,NA,NA,NA,NA,NA,NA,NA,NA,NA,NA,NA,NA,NA,NA,NA,NA,NA,NA,NA,NA,NA,NA,NA,NA,NA,NA,NA,NA,NA,NA,NA,NA,NA,NA,NA,NA,NA,NA,NA,NA,NA,NA,NA,NA,NA,NA,NA,NA,NA,NA,NA,NA,NA,NA,NA,NA
6,6,NA,NA,NA,2.0000999999999998,NA,NA,NA,12,NA,NA,NA,6,NA,NA,NA,9.9999,NA,NA,NA,8.0001,NA,NA,NA,8.0001,NA,NA,NA,6,NA,NA,NA,0,NA,NA,NA,2.0000999999999998,NA,NA,NA,0,NA,NA,NA,0,NA,NA,NA,15.9999,NA,NA,NA,8.0001,NA,NA,NA,9.9999,NA,NA,NA,0,NA,NA,NA,0,NA,NA,NA,2.0000999999999998,NA,NA,NA,2.0000999999999998,NA,NA,NA,0,NA,NA,NA,2.0000999999999998,NA,NA,NA,0,NA,NA,NA,0,NA,NA,NA,NA,NA,NA,NA,NA,NA,NA,NA,NA,NA,NA,NA,NA,NA,NA,NA,NA
7,11.2623,NA,NA,NA,33.7869,NA,NA,NA,11.2623,NA,NA,NA,58.1886,NA,NA,NA,NA,NA,NA,NA,41.2953,0,NA,NA,5.6312999999999995,NA,NA,NA,9.385200000000001,NA,NA,NA,9.385200000000001,NA,NA,NA,28.155900000000003,NA,NA,NA,22.5246,NA,NA,NA,26.278800000000004,NA,NA,NA,9.385200000000001,NA,NA,NA,37.5411,NA,NA,NA,15.016499999999999,NA,NA,NA,13.139400000000002,NA,NA,NA,20.6475,NA,NA,NA,24.4017,NA,NA,NA,15.016499999999999,NA,NA,NA,NA,NA,NA,NA,NA,NA,NA,NA,NA,NA,NA,NA,NA,NA,NA,NA,NA,NA,NA,NA,NA,NA,NA,NA,NA,NA,NA,NA,NA,NA,NA,NA,NA
8,12,NA,NA,NA,26.000100000000003,NA,NA,NA,36,NA,NA,NA,56.000099999999996,NA,NA,NA,15.9999,NA,NA,NA,9.9999,NA,NA,NA,9.9999,NA,NA,NA,20.0001,NA,NA,NA,42,NA,NA,NA,30,NA,NA,NA,14.0001,NA,NA,NA,8.0001,NA,NA,NA,2.0000999999999998,NA,NA,NA,36,NA,NA,NA,48,NA,NA,NA,9.9999,NA,NA,NA,20.0001,NA,NA,NA,15.9999,NA,NA,NA,0,NA,NA,NA,8.0001,NA,NA,NA,6,NA,NA,NA,NA,NA,NA,NA,NA,NA,NA,NA,NA,NA,NA,NA,NA,NA,NA,NA,NA,NA,NA,NA,NA,NA,NA,NA,NA
9,33.9999,NA,NA,NA,18,NA,NA,NA,14.0001,NA,NA,NA,21.9999,NA,NA,NA,6,NA,NA,NA,8.0001,NA,NA,NA,8.0001,NA,NA,NA,3.9999,NA,NA,NA,NA,NA,NA,NA,NA,NA,NA,NA,NA,NA,NA,NA,NA,NA,NA,NA,NA,NA,NA,NA,NA,NA,NA,NA,NA,NA,NA,NA,NA,NA,NA,NA,NA,NA,NA,NA,NA,NA,NA,NA,NA,NA,NA,NA,NA,NA,NA,NA,NA,NA,NA,NA,NA,NA,NA,NA,NA,NA,NA,NA,NA,NA,NA,NA,NA,NA,NA,NA,NA,NA,NA,NA,NA,NA,NA,NA,NA
12,51.999900000000004,NA,NA,NA,108,NA,NA,NA,123.9999,NA,NA,NA,57.999900000000004,NA,NA,NA,122.0001,NA,NA,NA,60,NA,NA,NA,294,NA,NA,NA,1071.9999,NA,NA,NA,243.99989999999997,NA,NA,NA,729.9999,NA,NA,NA,1364.0001,NA,NA,NA,500.0001,NA,NA,NA,734.0001,NA,NA,NA,255.99989999999997,NA,NA,NA,506.0001,NA,NA,NA,363.99989999999997,NA,NA,NA,624,NA,NA,NA,672,NA,NA,NA,572.0001,NA,NA,NA,432,NA,NA,NA,356.00010000000003,NA,NA,NA,NA,NA,NA,NA,NA,NA,NA,NA,NA,NA,NA,NA,NA,NA,NA,NA,NA,NA,NA,NA,NA,NA,NA,NA,NA
13,24,NA,NA,NA,51.999900000000004,NA,NA,NA,8.0001,NA,NA,NA,33.9999,NA,NA,NA,74.0001,NA,NA,NA,81.9999,NA,NA,NA,69.9999,NA,NA,NA,30,NA,NA,NA,108,NA,NA,NA,336,NA,NA,NA,74.0001,NA,NA,NA,75.9999,NA,NA,NA,441.9999,NA,NA,NA,630,NA,NA,NA,326.00010000000003,NA,NA,NA,24,NA,NA,NA,8.0001,NA,NA,NA,14.0001,NA,NA,NA,6,NA,NA,NA,0,NA,NA,NA,NA,NA,NA,NA,NA,NA,NA,NA,NA,NA,NA,NA,NA,NA,NA,NA,NA,NA,NA,NA,NA,NA,NA,NA,NA,NA,NA,NA,NA
14,9.9999,NA,NA,NA,0,NA,NA,NA,2.0000999999999998,NA,NA,NA,3.9999,NA,NA,NA,2.0000999999999998,NA,NA,NA,2.0000999999999998,NA,NA,NA,0,NA,NA,NA,0,NA,NA,NA,9.9999,NA,NA,NA,8.0001,NA,NA,NA,6,NA,NA,NA,45.9999,NA,NA,NA,15.9999,NA,NA,NA,15.9999,NA,NA,NA,8.0001,NA,NA,NA,0,NA,NA,NA,0,NA,NA,NA,6,NA,NA,NA,0,NA,NA,NA,2.0000999999999998,NA,NA,NA,8.0001,NA,NA,NA,2.0000999999999998,NA,NA,NA,NA,NA,NA,NA,NA,NA,NA,NA,NA,NA,NA,NA,NA,NA,NA,NA,NA,NA,NA,NA,NA
15,21.9999,NA,NA,NA,36,NA,NA,NA,20.0001,NA,NA,NA,75.9999,NA,NA,NA,21.9999,NA,NA,NA,27.999899999999997,NA,NA,NA,12,NA,NA,NA,50.000099999999996,NA,NA,NA,72,NA,NA,NA,24,NA,NA,NA,45.9999,NA,NA,NA,18,NA,NA,NA,68.0001,NA,NA,NA,36,NA,NA,NA,90,NA,NA,NA,207.99989999999997,NA,NA,NA,156,NA,NA,NA,99.9999,NA,NA,NA,162,NA,NA,NA,324,NA,NA,NA,332.00010000000003,NA,NA,NA,NA,NA,NA,NA,NA,NA,NA,NA,NA,NA,NA,NA,NA,NA,NA,NA,NA,NA,NA,NA,NA,NA,NA,NA,NA
16,0,NA,NA,NA,12,NA,NA,NA,27.999899999999997,NA,NA,NA,NA,NA,NA,NA,NA,NA,NA,NA,NA,NA,NA,NA,NA,NA,NA,NA,NA,NA,NA,NA,NA,NA,NA,NA,NA,NA,NA,NA,NA,NA,NA,NA,NA,NA,NA,NA,NA,NA,NA,NA,NA,NA,NA,NA,NA,NA,NA,NA,NA,NA,NA,NA,NA,NA,NA,NA,NA,NA,NA,NA,NA,NA,NA,NA,NA,NA,NA,NA,NA,NA,NA,NA,NA,NA,NA,NA,NA,NA,NA,NA,NA,NA,NA,NA,NA,NA,NA,NA,NA,NA,NA,NA,NA,NA,NA,NA,NA
18,2.0000999999999998,NA,NA,NA,2.0000999999999998,NA,NA,NA,6,NA,NA,NA,3.9999,NA,NA,NA,0,NA,NA,NA,3.9999,NA,NA,NA,0,NA,NA,NA,6,NA,NA,NA,21.9999,NA,NA,NA,27.999899999999997,NA,NA,NA,177.9999,NA,NA,NA,222,NA,NA,NA,108,NA,NA,NA,140.0001,NA,NA,NA,90,NA,NA,NA,NA,NA,NA,NA,NA,NA,NA,NA,NA,NA,NA,NA,NA,NA,NA,NA,NA,NA,NA,NA,NA,NA,NA,NA,NA,NA,NA,NA,NA,NA,NA,NA,NA,NA,NA,NA,NA,NA,NA,NA,NA,NA,NA,NA,NA,NA,NA,NA,NA
19,42,NA,NA,NA,50.000099999999996,NA,NA,NA,50.000099999999996,NA,NA,NA,99.9999,NA,NA,NA,146.0001,NA,NA,NA,210,NA,NA,NA,135.9999,NA,NA,NA,411.9999,NA,NA,NA,566.0001,NA,NA,NA,390,NA,NA,NA,1152,NA,NA,NA,716.0001,NA,NA,NA,242.00010000000003,NA,NA,NA,432,NA,NA,NA,273.99989999999997,NA,NA,NA,138,NA,NA,NA,369.99989999999997,NA,NA,NA,798,NA,NA,NA,218.00010000000003,NA,NA,NA,285.99989999999997,NA,NA,NA,1028.0001,NA,NA,NA,519.9999,NA,NA,NA,NA,NA,NA,NA,NA,NA,NA,NA,NA,NA,NA,NA,NA,NA,NA,NA,NA,NA,NA,NA,NA
43,5.4546,NA,NA,NA,130.9092,NA,NA,NA,61.81830000000001,NA,NA,NA,30.909000000000002,NA,NA,NA,27.2727,NA,NA,NA,81.8181,NA,NA,NA,14.545499999999999,NA,NA,NA,25.4544,NA,NA,NA,23.636400000000002,NA,NA,NA,27.2727,NA,NA,NA,32.7273,NA,NA,NA,39.9999,NA,NA,NA,23.636400000000002,NA,NA,NA,30.909000000000002,NA,NA,NA,36.3636,NA,NA,NA,18.1818,NA,NA,NA,141.81810000000002,NA,NA,NA,83.6364,NA,NA,NA,50.909099999999995,NA,NA,NA,NA,NA,NA,NA,NA,NA,NA,NA,NA,NA,NA,NA,NA,NA,NA,NA,NA,NA,NA,NA,NA,NA,NA,NA,NA,NA,NA,NA,NA,NA,NA,NA,NA
45,9.9999,NA,NA,NA,60,NA,NA,NA,164.0001,NA,NA,NA,212.00010000000003,NA,NA,NA,186,NA,NA,NA,213.99989999999997,NA,NA,NA,74.0001,NA,NA,NA,86.0001,NA,NA,NA,63.999900000000004,NA,NA,NA,92.0001,NA,NA,NA,159.9999,NA,NA,NA,912,NA,NA,NA,30,NA,NA,NA,21.9999,NA,NA,NA,14.0001,NA,NA,NA,33.9999,NA,NA,NA,42,NA,NA,NA,30,NA,NA,NA,NA,NA,NA,NA,NA,NA,NA,NA,NA,NA,NA,NA,NA,NA,NA,NA,NA,NA,NA,NA,NA,NA,NA,NA,NA,NA,NA,NA,NA,NA,NA,NA,NA,NA,NA,NA,NA
51,18,NA,NA,NA,57.999900000000004,NA,NA,NA,99.9999,NA,NA,NA,150,NA,NA,NA,62.000099999999996,NA,NA,NA,141.9999,NA,NA,NA,144,NA,NA,NA,9.9999,NA,NA,NA,44.0001,NA,NA,NA,68.0001,NA,NA,NA,146.0001,NA,NA,NA,104.0001,NA,NA,NA,114,NA,NA,NA,90,NA,NA,NA,24,NA,NA,NA,24,NA,NA,NA,32.0001,NA,NA,NA,36,NA,NA,NA,56.000099999999996,NA,NA,NA,33.9999,NA,NA,NA,62.000099999999996,NA,NA,NA,NA,NA,NA,NA,NA,NA,NA,NA,NA,NA,NA,NA,NA,NA,NA,NA,NA,NA,NA,NA,NA,NA,NA,NA,NA
52,6,NA,NA,NA,9.9999,NA,NA,NA,6,NA,NA,NA,2.0000999999999998,NA,NA,NA,2.0000999999999998,NA,NA,NA,2.0000999999999998,NA,NA,NA,6,NA,NA,NA,3.9999,NA,NA,NA,0,NA,NA,NA,9.9999,NA,NA,NA,2.0000999999999998,NA,NA,NA,30,NA,NA,NA,62.000099999999996,NA,NA,NA,42,NA,NA,NA,78,NA,NA,NA,72,NA,NA,NA,126,NA,NA,NA,54,NA,NA,NA,38.0001,NA,NA,NA,24,NA,NA,NA,9.9999,NA,NA,NA,NA,12,NA,NA,18,NA,NA,NA,NA,NA,NA,NA,NA,NA,NA,NA,NA,NA,NA,NA,NA,NA,NA,NA,NA
53,24,NA,NA,NA,39.9999,NA,NA,NA,104.0001,NA,NA,NA,30,NA,NA,NA,48,NA,NA,NA,30,NA,NA,NA,38.0001,NA,NA,NA,39.9999,NA,NA,NA,42,NA,NA,NA,66,NA,NA,NA,48,NA,NA,NA,18,NA,NA,NA,24,NA,NA,NA,38.0001,NA,NA,NA,24,NA,NA,NA,8.0001,NA,NA,NA,78,NA,NA,NA,15.9999,NA,NA,NA,33.9999,NA,NA,NA,8.0001,NA,NA,NA,45.9999,NA,NA,NA,6,NA,NA,NA,135.9999,NA,NA,NA,104.0001,NA,NA,NA,NA,NA,NA,NA,NA,NA,NA,NA,NA,NA,NA,NA,NA
54,14.0001,NA,NA,NA,15.9999,NA,NA,NA,39.9999,NA,NA,NA,54,NA,NA,NA,33.9999,NA,NA,NA,33.9999,NA,NA,NA,18,NA,NA,NA,36,NA,NA,NA,9.9999,NA,NA,NA,18,NA,NA,NA,NA,NA,NA,NA,NA,NA,NA,NA,NA,NA,NA,NA,NA,NA,NA,NA,NA,NA,NA,NA,NA,NA,NA,NA,NA,NA,NA,NA,NA,NA,NA,NA,NA,NA,NA,NA,NA,NA,NA,NA,NA,NA,NA,NA,NA,NA,NA,NA,NA,NA,NA,NA,NA,NA,NA,NA,NA,NA,NA,NA,NA,NA,NA,NA,NA,NA,NA,NA,NA
60,82.6666,NA,NA,NA,81.3334,NA,NA,NA,38.6666,NA,NA,NA,36,NA,NA,NA,89.3334,NA,NA,NA,113.3334,NA,NA,NA,76,NA,NA,NA,NA,NA,NA,NA,NA,NA,NA,NA,NA,NA,NA,NA,NA,NA,NA,NA,NA,NA,NA,NA,NA,NA,NA,NA,NA,NA,NA,NA,NA,NA,NA,NA,NA,NA,NA,NA,NA,NA,NA,NA,NA,NA,NA,NA,NA,NA,NA,NA,NA,NA,NA,NA,NA,NA,NA,NA,NA,NA,NA,NA,NA,NA,NA,NA,NA,NA,NA,NA,NA,NA,NA,NA,NA,NA,NA,NA,NA,NA,NA,NA,NA
61,112,NA,NA,NA,86.6666,NA,NA,NA,149.3334,NA,NA,NA,102.6666,NA,NA,NA,97.3334,NA,NA,NA,202.6666,NA,NA,NA,52,NA,NA,NA,74.6666,NA,NA,NA,NA,NA,NA,NA,NA,NA,NA,NA,NA,NA,NA,NA,NA,NA,NA,NA,NA,NA,NA,NA,NA,NA,NA,NA,NA,NA,NA,NA,NA,NA,NA,NA,NA,NA,NA,NA,NA,NA,NA,NA,NA,NA,NA,NA,NA,NA,NA,NA,NA,NA,NA,NA,NA,NA,NA,NA,NA,NA,NA,NA,NA,NA,NA,NA,NA,NA,NA,NA,NA,NA,NA,NA,NA,NA,NA,NA,NA
62,68,NA,NA,NA,76,NA,NA,NA,70.6666,NA,NA,NA,96,NA,NA,NA,NA,NA,NA,NA,NA,NA,NA,NA,NA,NA,NA,NA,NA,NA,NA,NA,NA,NA,NA,NA,NA,NA,NA,NA,NA,NA,NA,NA,NA,NA,NA,NA,NA,NA,NA,NA,NA,NA,NA,NA,NA,NA,NA,NA,NA,NA,NA,NA,NA,NA,NA,NA,NA,NA,NA,NA,NA,NA,NA,NA,NA,NA,NA,NA,NA,NA,NA,NA,NA,NA,NA,NA,NA,NA,NA,NA,NA,NA,NA,NA,NA,NA,NA,NA,NA,NA,NA,NA,NA,NA,NA,NA,NA
63,115.7894,NA,NA,NA,88.8888,NA,NA,NA,26.9006,NA,NA,NA,49.1228,NA,NA,NA,92.3976,NA,NA,NA,46.7836,NA,NA,NA,51.462,NA,NA,NA,24.5614,NA,NA,NA,NA,NA,NA,NA,NA,NA,NA,NA,NA,NA,NA,NA,NA,NA,NA,NA,NA,NA,NA,NA,NA,NA,NA,NA,NA,NA,NA,NA,NA,NA,NA,NA,NA,NA,NA,NA,NA,NA,NA,NA,NA,NA,NA,NA,NA,NA,NA,NA,NA,NA,NA,NA,NA,NA,NA,NA,NA,NA,NA,NA,NA,NA,NA,NA,NA,NA,NA,NA,NA,NA,NA,NA,NA,NA,NA,NA,NA
64,22.6666,NA,NA,NA,38.6666,NA,NA,NA,33.3334,NA,NA,NA,46.6666,NA,NA,NA,NA,NA,NA,NA,65.3334,NA,NA,NA,69.3334,NA,NA,NA,170.6666,NA,NA,NA,NA,NA,NA,NA,NA,NA,NA,NA,NA,NA,NA,NA,NA,NA,NA,NA,NA,NA,NA,NA,NA,NA,NA,NA,NA,NA,NA,NA,NA,NA,NA,NA,NA,NA,NA,NA,NA,NA,NA,NA,NA,NA,NA,NA,NA,NA,NA,NA,NA,NA,NA,NA,NA,NA,NA,NA,NA,NA,NA,NA,NA,NA,NA,NA,NA,NA,NA,NA,NA,NA,NA,NA,NA,NA,NA,NA,NA
65,18.6666,NA,NA,NA,70.6666,NA,NA,NA,66.6666,NA,NA,NA,104,NA,NA,NA,128,NA,NA,NA,16,NA,NA,NA,24,NA,NA,NA,96,NA,NA,0,56,NA,NA,NA,58.6666,NA,NA,NA,144,NA,NA,NA,109.3334,NA,NA,NA,NA,NA,NA,NA,NA,NA,NA,NA,NA,NA,NA,NA,NA,NA,NA,NA,NA,NA,NA,NA,NA,NA,NA,NA,NA,NA,NA,NA,NA,NA,NA,NA,NA,NA,NA,NA,NA,NA,NA,NA,NA,NA,NA,NA,NA,NA,NA,NA,NA,NA,NA,NA,NA,NA,NA,NA,NA,NA,NA,NA,NA
66,6,NA,NA,NA,20.0001,NA,NA,NA,14.0001,NA,NA,NA,8.0001,NA,NA,NA,20.0001,NA,NA,NA,24,NA,NA,NA,12,NA,NA,NA,144,NA,NA,NA,42,NA,NA,NA,21.9999,NA,NA,NA,84,NA,NA,NA,150,NA,NA,NA,39.9999,NA,NA,NA,300,NA,NA,NA,44.0001,NA,NA,NA,93.9999,NA,NA,NA,57.999900000000004,NA,NA,NA,45.9999,NA,NA,NA,86.0001,NA,NA,NA,44.0001,NA,NA,NA,158.0001,NA,NA,NA,441.9999,NA,NA,NA,NA,NA,NA,NA,NA,NA,NA,NA,NA,NA,NA,NA,NA,NA,NA,NA,NA,NA,NA,NA,NA
67,2.0000999999999998,NA,NA,NA,0,NA,NA,NA,15.9999,NA,NA,NA,0,NA,NA,NA,14.0001,NA,NA,NA,2.0000999999999998,NA,NA,NA,2.0000999999999998,NA,NA,NA,27.999899999999997,NA,NA,NA,78,NA,NA,NA,20.0001,NA,NA,NA,219.99989999999997,NA,NA,NA,327.99989999999997,NA,NA,NA,1455.9999,NA,NA,NA,170.0001,NA,NA,NA,222,NA,NA,NA,30,NA,NA,NA,176.0001,NA,NA,NA,74.0001,NA,NA,NA,9.9999,NA,NA,NA,2.0000999999999998,NA,NA,NA,6,NA,NA,NA,NA,NA,NA,NA,NA,NA,NA,NA,NA,NA,NA,NA,NA,NA,NA,NA,NA,NA,NA,NA,NA,NA,NA,NA,NA
68,0,NA,NA,NA,15.9999,NA,NA,NA,26.000100000000003,NA,NA,NA,24,NA,NA,NA,20.0001,NA,NA,NA,27.999899999999997,NA,NA,NA,21.9999,NA,NA,NA,15.9999,NA,NA,NA,27.999899999999997,NA,NA,NA,26.000100000000003,NA,NA,NA,38.0001,NA,NA,NA,74.0001,NA,NA,NA,99.9999,NA,NA,NA,198,NA,NA,NA,189.9999,NA,NA,NA,129.9999,NA,NA,NA,60,NA,NA,NA,92.0001,NA,NA,NA,290.00010000000003,NA,NA,NA,339.99989999999997,NA,NA,NA,543.9999,NA,NA,NA,NA,NA,NA,NA,NA,NA,NA,NA,NA,NA,NA,NA,NA,NA,NA,NA,NA,NA,NA,NA,NA,NA,NA,NA,NA
69,90,NA,NA,NA,372,NA,NA,NA,218.00010000000003,NA,NA,NA,711.9999,NA,NA,NA,624,NA,NA,NA,920.0001,NA,NA,NA,2952,NA,NA,NA,3344.0001,NA,NA,NA,2880,NA,NA,NA,7488,NA,NA,NA,999.9999,NA,NA,NA,360,NA,NA,NA,279.99989999999997,NA,NA,NA,236.00010000000003,NA,NA,NA,2264.0001,NA,NA,NA,1496.0001,NA,NA,NA,48,NA,NA,NA,50.000099999999996,NA,NA,NA,126,NA,NA,NA,30,NA,NA,NA,27.999899999999997,NA,NA,NA,81.9999,NA,NA,NA,NA,NA,NA,NA,NA,NA,NA,NA,NA,NA,NA,NA,NA,NA,NA,NA,NA,NA,NA,NA,NA
73,120,NA,NA,NA,111.9999,NA,NA,NA,39.9999,NA,NA,NA,453.9999,NA,NA,NA,20.0001,NA,NA,NA,21.9999,NA,NA,NA,NA,NA,NA,NA,NA,NA,NA,NA,NA,NA,NA,NA,NA,NA,NA,NA,NA,NA,NA,NA,NA,NA,NA,NA,NA,NA,NA,NA,NA,NA,NA,NA,NA,NA,NA,NA,NA,NA,NA,NA,NA,NA,NA,NA,NA,NA,NA,NA,NA,NA,NA,NA,NA,NA,NA,NA,NA,NA,NA,NA,NA,NA,NA,NA,NA,NA,NA,NA,NA,NA,NA,NA,NA,NA,NA,NA,NA,NA,NA,NA,NA,NA,NA,NA,NA
74,3.9999,NA,NA,NA,8.0001,NA,NA,NA,0,NA,NA,NA,39.9999,NA,NA,NA,98.0001,NA,NA,NA,138,NA,NA,NA,114,NA,NA,NA,36,NA,NA,NA,NA,NA,NA,NA,NA,NA,NA,NA,NA,NA,NA,NA,NA,NA,NA,NA,NA,NA,NA,NA,NA,NA,NA,NA,NA,NA,NA,NA,NA,NA,NA,NA,NA,NA,NA,NA,NA,NA,NA,NA,NA,NA,NA,NA,NA,NA,NA,NA,NA,NA,NA,NA,NA,NA,NA,NA,NA,NA,NA,NA,NA,NA,NA,NA,NA,NA,NA,NA,NA,NA,NA,NA,NA,NA,NA,NA,NA
75,2.0000999999999998,NA,NA,NA,110.0001,NA,NA,NA,68.0001,NA,NA,NA,96,NA,NA,NA,104.0001,NA,NA,NA,20.0001,NA,NA,NA,NA,NA,NA,NA,NA,NA,NA,NA,NA,NA,NA,NA,NA,NA,NA,NA,NA,NA,NA,NA,NA,NA,NA,NA,NA,NA,NA,NA,NA,NA,NA,NA,NA,NA,NA,NA,NA,NA,NA,NA,NA,NA,NA,NA,NA,NA,NA,NA,NA,NA,NA,NA,NA,NA,NA,NA,NA,NA,NA,NA,NA,NA,NA,NA,NA,NA,NA,NA,NA,NA,NA,NA,NA,NA,NA,NA,NA,NA,NA,NA,NA,NA,NA,NA,NA
76,15.9999,NA,NA,NA,18,NA,NA,NA,90,NA,NA,NA,102,NA,NA,NA,128.0001,NA,NA,NA,183.9999,NA,NA,NA,74.0001,NA,NA,NA,123.9999,NA,NA,NA,48,NA,NA,NA,63.999900000000004,NA,NA,NA,27.999899999999997,NA,NA,NA,50.000099999999996,NA,NA,NA,51.999900000000004,NA,NA,NA,57.999900000000004,NA,NA,NA,140.0001,NA,NA,NA,27.999899999999997,NA,NA,NA,111.9999,NA,NA,NA,134.0001,NA,NA,NA,138,NA,NA,NA,32.0001,NA,NA,NA,15.9999,NA,NA,NA,24,NA,NA,NA,NA,NA,NA,NA,NA,NA,NA,NA,NA,NA,NA,NA,NA,NA,NA,NA,NA,NA,NA,NA,NA
77,2.0000999999999998,NA,NA,NA,9.9999,NA,NA,NA,12,NA,NA,NA,15.9999,NA,NA,NA,30,NA,NA,NA,39.9999,NA,NA,NA,102,NA,NA,NA,62.000099999999996,NA,NA,NA,57.999900000000004,NA,NA,NA,84,NA,NA,NA,30,NA,NA,NA,78,NA,NA,NA,20.0001,NA,NA,NA,14.0001,NA,NA,NA,33.9999,NA,NA,NA,36,NA,NA,NA,18,NA,NA,NA,86.0001,NA,NA,NA,27.999899999999997,NA,NA,NA,32.0001,NA,NA,NA,8.0001,NA,NA,NA,14.0001,NA,NA,NA,20.0001,NA,NA,NA,12,NA,NA,NA,NA,NA,NA,NA,NA,NA,NA,NA,NA,NA,NA,NA,NA
81,6,NA,NA,NA,14.0001,NA,NA,NA,12,NA,NA,NA,3.9999,NA,NA,NA,24,NA,NA,NA,60,NA,NA,NA,50.000099999999996,NA,NA,NA,60,NA,NA,NA,27.999899999999997,NA,NA,NA,39.9999,NA,NA,NA,15.9999,NA,NA,NA,99.9999,NA,NA,NA,171.9999,NA,NA,NA,459.9999,NA,NA,NA,261.99989999999997,NA,NA,NA,116.0001,NA,NA,NA,104.0001,NA,NA,NA,129.9999,NA,NA,NA,171.9999,NA,NA,NA,90,NA,NA,NA,206.00010000000003,NA,NA,NA,114,NA,NA,NA,NA,NA,NA,NA,NA,NA,NA,NA,NA,NA,NA,NA,NA,NA,NA,NA,NA,NA,NA,NA,NA
82,18,NA,NA,NA,56.000099999999996,NA,NA,NA,18,NA,NA,NA,8.0001,NA,NA,NA,6,NA,NA,NA,2.0000999999999998,NA,NA,NA,8.0001,NA,NA,NA,12,NA,NA,NA,8.0001,NA,NA,NA,12,NA,NA,NA,48,NA,NA,NA,48,NA,NA,NA,57.999900000000004,NA,NA,NA,12,NA,NA,NA,2.0000999999999998,NA,NA,NA,6,NA,NA,NA,8.0001,NA,NA,8.0001,20.0001,NA,NA,NA,30,NA,NA,NA,78,NA,NA,NA,306,NA,NA,NA,111.9999,NA,NA,NA,84,NA,NA,NA,NA,NA,NA,NA,NA,NA,NA,NA,NA,NA,NA,NA,NA,NA,NA,NA,NA
83,12,NA,NA,NA,27.999899999999997,NA,NA,NA,21.9999,NA,NA,NA,9.9999,NA,NA,NA,8.0001,NA,NA,NA,9.9999,NA,NA,NA,9.9999,NA,NA,NA,12,NA,NA,NA,18,NA,NA,NA,38.0001,NA,NA,NA,24,NA,NA,NA,21.9999,NA,NA,NA,38.0001,NA,NA,NA,78,NA,NA,NA,39.9999,NA,NA,NA,30,NA,NA,NA,122.0001,NA,NA,NA,117.9999,NA,NA,NA,32.0001,NA,NA,NA,14.0001,NA,NA,NA,39.9999,NA,NA,NA,15.9999,NA,NA,NA,6,NA,NA,NA,8.0001,NA,NA,NA,3.9999,NA,NA,NA,NA,NA,NA,NA,NA,NA,NA,NA,NA
86,192,64,21.3336,0,42.6664,5.3336,10.6664,0,5.3336,0,5.3336,10.6664,5.3336,0,0,0,58.6664,0,26.6664,80,85.3336,5.3336,26.6664,42.6664,0,5.3336,37.3336,37.3336,42.6664,48,5.3336,0,0,0,0,0,0,0,0,0,0,0,0,0,0,0,0,0,0,0,0,0,48,32,5.3336,5.3336,5.3336,5.3336,5.3336,16,0,0,0,48,37.3336,64,304,106.6664,128,202.6664,320,170.6664,320,213.3336,330.6664,202.6664,160,202.6664,181.3336,101.3336,42.6664,10.6664,5.3336,5.3336,16,0,0,0,0,0,NA,NA,NA,NA,NA,NA,NA,NA,NA,NA,NA,NA,NA,NA,NA,NA,NA,NA,NA
87,0,0,0,0,0,0,5.3336,0,0,0,0,10.6664,5.3336,0,0,5.3336,5.3336,0,0,0,0,5.3336,5.3336,0,0,16,16,10.6664,0,0,5.3336,5.3336,10.6664,0,5.3336,10.6664,5.3336,21.3336,5.3336,5.3336,21.3336,37.3336,16,37.3336,48,122.6664,165.3336,176,277.3336,288,330.6664,149.3336,1002.6664,160,133.3336,0,26.6664,16,0,5.3336,5.3336,5.3336,0,0,0,0,10.6664,10.6664,5.3336,5.3336,0,5.3336,0,0,0,0,0,0,0,0,0,0,0,0,0,0,0,NA,NA,NA,NA,NA,NA,NA,NA,NA,NA,NA,NA,NA,NA,NA,NA,NA,NA,NA,NA,NA,NA
88,0,0,0,0,0,5.3336,48,10.6664,85.3336,26.6664,10.6664,5.3336,10.6664,26.6664,32,42.6664,53.3336,37.3336,26.6664,5.3336,16,10.6664,10.6664,5.3336,80,197.3336,176,362.6664,234.6664,64,218.6664,NA,NA,NA,NA,NA,NA,NA,NA,NA,NA,NA,NA,NA,NA,NA,NA,NA,NA,NA,NA,NA,NA,NA,NA,NA,NA,NA,NA,NA,NA,NA,NA,NA,NA,NA,NA,NA,NA,NA,NA,NA,NA,NA,NA,NA,NA,NA,NA,NA,NA,NA,NA,NA,NA,NA,NA,NA,NA,NA,NA,NA,NA,NA,NA,NA,NA,NA,NA,NA,NA,NA,NA,NA,NA,NA,NA,NA,NA
91,0,5.3336,0,0,0,5.3336,0,0,10.6664,32,32,21.3336,10.6664,16,21.3336,16,5.3336,64,64,64,37.3336,10.6664,5.3336,0,16,10.6664,21.3336,21.3336,37.3336,53.3336,53.3336,90.6664,37.3336,42.6664,16,10.6664,5.3336,16,5.3336,5.3336,26.6664,32,48,26.6664,5.3336,42.6664,48,5.3336,21.3336,218.6664,NA,NA,NA,NA,NA,NA,NA,NA,NA,NA,NA,NA,NA,NA,NA,NA,NA,NA,NA,NA,NA,NA,NA,NA,NA,NA,NA,NA,NA,NA,NA,NA,NA,NA,NA,NA,NA,NA,NA,NA,NA,NA,NA,NA,NA,NA,NA,NA,NA,NA,NA,NA,NA,NA,NA,NA,NA,NA,NA
92,74.6664,85.3336,53.3336,90.6664,64,58.6664,96,154.6664,181.3336,112,69.3336,101.3336,80,37.3336,37.3336,21.3336,21.3336,10.6664,58.6664,48,69.3336,96,112,58.6664,133.3336,202.6664,272,261.3336,288,426.6664,144,53.3336,69.3336,133.3336,69.3336,48,32,5.3336,10.6664,32,42.6664,5.3336,0,0,5.3336,0,10.6664,37.3336,21.3336,NA,NA,NA,NA,NA,NA,NA,NA,NA,NA,NA,NA,NA,NA,NA,NA,NA,NA,NA,NA,NA,NA,NA,NA,NA,NA,NA,NA,NA,NA,NA,NA,NA,NA,NA,NA,NA,NA,NA,NA,NA,NA,NA,NA,NA,NA,NA,NA,NA,NA,NA,NA,NA,NA,NA,NA,NA,NA,NA,NA
93,16,5.3336,0,0,0,0,26.6664,80,410.6664,341.3336,58.6664,0,0,0,5.3336,10.6664,5.3336,42.6664,85.3336,37.3336,32,80,53.3336,133.3336,133.3336,416,240,154.6664,181.3336,693.3336,352,197.3336,192,192,96,426.6664,400,357.3336,186.6664,154.6664,122.6664,234.6664,245.3336,234.6664,80,37.3336,250.6664,138.6664,160,21.3336,37.3336,16,10.6664,NA,NA,NA,NA,NA,NA,NA,NA,NA,NA,NA,NA,NA,NA,NA,NA,NA,NA,NA,NA,NA,NA,NA,NA,NA,NA,NA,NA,NA,NA,NA,NA,NA,NA,NA,NA,NA,NA,NA,NA,NA,NA,NA,NA,NA,NA,NA,NA,NA,NA,NA,NA,NA,NA,NA,NA
94,0,0,0,5.3336,10.6664,0,0,0,0,0,21.3336,10.6664,16,5.3336,16,32,21.3336,1280,1034.6664,277.3336,288,250.6664,357.3336,661.3336,1141.3336,464,624,128,282.6664,469.3336,213.3336,341.3336,485.3336,1194.6664,757.3336,394.6664,704,1109.3336,160,133.3336,42.6664,0,5.3336,0,0,0,5.3336,37.3336,NA,NA,NA,NA,NA,NA,NA,NA,NA,NA,NA,NA,NA,NA,NA,NA,NA,NA,NA,NA,NA,NA,NA,NA,NA,NA,NA,NA,NA,NA,NA,NA,NA,NA,NA,NA,NA,NA,NA,NA,NA,NA,NA,NA,NA,NA,NA,NA,NA,NA,NA,NA,NA,NA,NA,NA,NA,NA,NA,NA,NA
98,18,NA,NA,NA,3.9999,NA,NA,NA,15.9999,NA,NA,NA,36,NA,NA,NA,6,NA,NA,NA,27.999899999999997,NA,NA,NA,26.000100000000003,NA,NA,NA,15.9999,NA,NA,NA,8.0001,NA,NA,NA,30,NA,NA,NA,NA,NA,NA,NA,NA,NA,NA,NA,NA,NA,NA,NA,NA,NA,NA,NA,NA,NA,NA,NA,NA,NA,NA,NA,NA,NA,NA,NA,NA,NA,NA,NA,NA,NA,NA,NA,NA,NA,NA,NA,NA,NA,NA,NA,NA,NA,NA,NA,NA,NA,NA,NA,NA,NA,NA,NA,NA,NA,NA,NA,NA,NA,NA,NA,NA,NA,NA,NA,NA
100,24,NA,NA,NA,102,NA,NA,NA,56.000099999999996,NA,NA,NA,99.9999,NA,NA,NA,105.9999,NA,NA,NA,110.0001,NA,NA,NA,78,NA,NA,NA,74.0001,NA,NA,NA,99.9999,NA,NA,NA,116.0001,NA,NA,NA,62.000099999999996,NA,NA,NA,98.0001,NA,NA,NA,176.0001,NA,NA,NA,38.0001,NA,NA,NA,24,NA,NA,NA,56.000099999999996,NA,NA,NA,50.000099999999996,NA,NA,NA,627.9999,NA,NA,NA,302.00010000000003,NA,NA,NA,96,NA,NA,NA,66,NA,NA,NA,158.0001,NA,NA,NA,48,NA,NA,NA,116.0001,NA,NA,NA,192,NA,374.00010000000003,NA,NA,NA,NA,NA,NA,NA,NA,NA,NA
108,0,NA,NA,NA,13.8615,NA,NA,NA,41.584199999999996,NA,NA,NA,21.7821,NA,NA,NA,25.7427,NA,NA,NA,41.584199999999996,NA,NA,NA,71.2872,NA,NA,NA,17.8218,NA,NA,NA,81.18809999999999,NA,NA,NA,21.7821,NA,NA,NA,95.0496,NA,NA,NA,45.5445,NA,NA,NA,176.2377,NA,NA,NA,65.3466,NA,NA,NA,67.3266,NA,NA,NA,43.564499999999995,NA,NA,NA,29.703,NA,NA,NA,152.4753,NA,NA,NA,136.6338,NA,NA,NA,196.03950000000003,NA,NA,NA,106.9308,NA,NA,NA,35.6436,NA,NA,NA,39.603899999999996,NA,NA,NA,71.2872,NA,NA,NA,9.9009,NA,NA,NA,NA,NA,NA,NA,NA,NA,NA,NA,NA
113,30,NA,NA,NA,15.9999,NA,NA,NA,8.0001,NA,NA,NA,6,NA,NA,NA,9.9999,NA,NA,NA,30,NA,NA,NA,27.999899999999997,NA,NA,NA,84,NA,NA,NA,NA,NA,NA,NA,NA,NA,NA,NA,NA,NA,NA,NA,NA,NA,NA,NA,NA,NA,NA,NA,NA,NA,NA,NA,NA,NA,NA,NA,NA,NA,NA,NA,NA,NA,NA,NA,NA,NA,NA,NA,NA,NA,NA,NA,NA,NA,NA,NA,NA,NA,NA,NA,NA,NA,NA,NA,NA,NA,NA,NA,NA,NA,NA,NA,NA,NA,NA,NA,NA,NA,NA,NA,NA,NA,NA,NA,NA
114,14.0001,NA,NA,NA,20.0001,NA,NA,NA,27.999899999999997,NA,NA,NA,12,NA,NA,NA,33.9999,NA,NA,NA,21.9999,NA,NA,NA,42,NA,NA,NA,27.999899999999997,NA,NA,NA,32.0001,NA,NA,NA,36,NA,NA,NA,NA,NA,NA,NA,NA,NA,NA,NA,NA,NA,NA,NA,NA,NA,NA,NA,NA,NA,NA,NA,NA,NA,NA,NA,NA,NA,NA,NA,NA,NA,NA,NA,NA,NA,NA,NA,NA,NA,NA,NA,NA,NA,NA,NA,NA,NA,NA,NA,NA,NA,NA,NA,NA,NA,NA,NA,NA,NA,NA,NA,NA,NA,NA,NA,NA,NA,NA,NA,NA
116,15.9999,NA,NA,NA,0,NA,NA,NA,8.0001,NA,NA,NA,50.000099999999996,NA,NA,NA,18,NA,NA,NA,6,NA,NA,NA,36,NA,NA,NA,NA,NA,NA,NA,NA,NA,NA,NA,NA,NA,NA,NA,NA,NA,NA,NA,NA,NA,NA,NA,NA,NA,NA,NA,NA,NA,NA,NA,NA,NA,NA,NA,NA,NA,NA,NA,NA,NA,NA,NA,NA,NA,NA,NA,NA,NA,NA,NA,NA,NA,NA,NA,NA,NA,NA,NA,NA,NA,NA,NA,NA,NA,NA,NA,NA,NA,NA,NA,NA,NA,NA,NA,NA,NA,NA,NA,NA,NA,NA,NA,NA
117,27.999899999999997,NA,NA,NA,14.0001,NA,NA,NA,2.0000999999999998,NA,NA,NA,6,NA,NA,NA,14.0001,NA,NA,NA,78,NA,NA,NA,21.9999,NA,NA,NA,54,NA,NA,NA,315.99989999999997,NA,NA,NA,NA,NA,NA,NA,NA,NA,NA,NA,NA,NA,NA,NA,NA,NA,NA,NA,NA,NA,NA,NA,NA,NA,NA,NA,NA,NA,NA,NA,NA,NA,NA,NA,NA,NA,NA,NA,NA,NA,NA,NA,NA,NA,NA,NA,NA,NA,NA,NA,NA,NA,NA,NA,NA,NA,NA,NA,NA,NA,NA,NA,NA,NA,NA,NA,NA,NA,NA,NA,NA,NA,NA,NA,NA
118,14.0001,NA,NA,NA,8.0001,NA,NA,NA,2.0000999999999998,NA,NA,NA,3.9999,NA,NA,NA,8.0001,NA,NA,NA,18,NA,NA,NA,2.0000999999999998,NA,NA,NA,6,NA,NA,NA,0,NA,NA,NA,NA,NA,NA,NA,NA,NA,NA,NA,NA,NA,NA,NA,NA,NA,NA,NA,NA,NA,NA,NA,NA,NA,NA,NA,NA,NA,NA,NA,NA,NA,NA,NA,NA,NA,NA,NA,NA,NA,NA,NA,NA,NA,NA,NA,NA,NA,NA,NA,NA,NA,NA,NA,NA,NA,NA,NA,NA,NA,NA,NA,NA,NA,NA,NA,NA,NA,NA,NA,NA,NA,NA,NA,NA
119,2.0000999999999998,NA,NA,NA,26.000100000000003,NA,NA,NA,24,NA,NA,NA,24,NA,NA,NA,62.000099999999996,NA,NA,NA,63.999900000000004,NA,NA,NA,33.9999,NA,NA,NA,39.9999,NA,NA,NA,NA,NA,NA,NA,NA,NA,NA,NA,NA,NA,NA,NA,NA,NA,NA,NA,NA,NA,NA,NA,NA,NA,NA,NA,NA,NA,NA,NA,NA,NA,NA,NA,NA,NA,NA,NA,NA,NA,NA,NA,NA,NA,NA,NA,NA,NA,NA,NA,NA,NA,NA,NA,NA,NA,NA,NA,NA,NA,NA,NA,NA,NA,NA,NA,NA,NA,NA,NA,NA,NA,NA,NA,NA,NA,NA,NA,NA
120,44.0001,NA,NA,NA,96,NA,NA,NA,62.000099999999996,NA,NA,NA,62.000099999999996,NA,NA,NA,60,NA,NA,NA,218.00010000000003,NA,NA,NA,80.0001,NA,NA,NA,224.00010000000003,NA,NA,NA,141.9999,NA,NA,NA,NA,NA,NA,NA,NA,NA,NA,NA,NA,NA,NA,NA,NA,NA,NA,NA,NA,NA,NA,NA,NA,NA,NA,NA,NA,NA,NA,NA,NA,NA,NA,NA,NA,NA,NA,NA,NA,NA,NA,NA,NA,NA,NA,NA,NA,NA,NA,NA,NA,NA,NA,NA,NA,NA,NA,NA,NA,NA,NA,NA,NA,NA,NA,NA,NA,NA,NA,NA,NA,NA,NA,NA,NA
124,16.3935,NA,NA,NA,62.295,NA,NA,NA,109.83600000000001,NA,NA,NA,193.4427,NA,NA,NA,488.5245,NA,NA,NA,27.8688,NA,NA,NA,NA,NA,NA,NA,NA,NA,NA,NA,NA,NA,NA,NA,NA,NA,NA,NA,NA,NA,NA,NA,NA,NA,NA,NA,NA,NA,NA,NA,NA,NA,NA,NA,NA,NA,NA,NA,NA,NA,NA,NA,NA,NA,NA,NA,NA,NA,NA,NA,NA,NA,NA,NA,NA,NA,NA,NA,NA,NA,NA,NA,NA,NA,NA,NA,NA,NA,NA,NA,NA,NA,NA,NA,NA,NA,NA,NA,NA,NA,NA,NA,NA,NA,NA,NA,NA
125,18,NA,NA,NA,18,NA,NA,NA,NA,NA,NA,NA,NA,NA,NA,NA,NA,NA,NA,NA,NA,NA,NA,NA,NA,NA,NA,NA,NA,NA,NA,NA,NA,NA,NA,NA,NA,NA,NA,NA,NA,NA,NA,NA,NA,NA,NA,NA,NA,NA,NA,NA,NA,NA,NA,NA,NA,NA,NA,NA,NA,NA,NA,NA,NA,NA,NA,NA,NA,NA,NA,NA,NA,NA,NA,NA,NA,NA,NA,NA,NA,NA,NA,NA,NA,NA,NA,NA,NA,NA,NA,NA,NA,NA,NA,NA,NA,NA,NA,NA,NA,NA,NA,NA,NA,NA,NA,NA,NA
126,12,NA,NA,NA,6,NA,NA,NA,NA,NA,NA,NA,NA,NA,NA,NA,NA,NA,NA,NA,NA,NA,NA,NA,NA,NA,NA,NA,NA,NA,NA,NA,NA,NA,NA,NA,NA,NA,NA,NA,NA,NA,NA,NA,NA,NA,NA,NA,NA,NA,NA,NA,NA,NA,NA,NA,NA,NA,NA,NA,NA,NA,NA,NA,NA,NA,NA,NA,NA,NA,NA,NA,NA,NA,NA,NA,NA,NA,NA,NA,NA,NA,NA,NA,NA,NA,NA,NA,NA,NA,NA,NA,NA,NA,NA,NA,NA,NA,NA,NA,NA,NA,NA,NA,NA,NA,NA,NA,NA
127,87.9999,NA,NA,NA,56.000099999999996,NA,NA,NA,87.9999,NA,NA,NA,44.0001,NA,NA,NA,240,NA,NA,NA,189.9999,NA,NA,NA,3.9999,NA,NA,NA,NA,NA,NA,NA,NA,NA,NA,NA,NA,NA,NA,NA,NA,NA,NA,NA,NA,NA,NA,NA,NA,NA,NA,NA,NA,NA,NA,NA,NA,NA,NA,NA,NA,NA,NA,NA,NA,NA,NA,NA,NA,NA,NA,NA,NA,NA,NA,NA,NA,NA,NA,NA,NA,NA,NA,NA,NA,NA,NA,NA,NA,NA,NA,NA,NA,NA,NA,NA,NA,NA,NA,NA,NA,NA,NA,NA,NA,NA,NA,NA,NA
128,24,NA,NA,NA,15.9999,NA,NA,NA,20.0001,NA,NA,NA,162,NA,NA,NA,21.9999,NA,NA,NA,14.0001,NA,NA,NA,12,NA,NA,NA,NA,NA,NA,NA,NA,NA,NA,NA,NA,NA,NA,NA,NA,NA,NA,NA,NA,NA,NA,NA,NA,NA,NA,NA,NA,NA,NA,NA,NA,NA,NA,NA,NA,NA,NA,NA,NA,NA,NA,NA,NA,NA,NA,NA,NA,NA,NA,NA,NA,NA,NA,NA,NA,NA,NA,NA,NA,NA,NA,NA,NA,NA,NA,NA,NA,NA,NA,NA,NA,NA,NA,NA,NA,NA,NA,NA,NA,NA,NA,NA,NA
129,8.0001,NA,NA,NA,96,NA,NA,NA,177.9999,NA,NA,NA,92.0001,NA,NA,NA,30,NA,NA,NA,69.9999,NA,NA,NA,38.0001,NA,NA,NA,32.0001,NA,NA,NA,21.9999,NA,NA,NA,NA,NA,NA,NA,NA,NA,NA,NA,NA,NA,NA,NA,NA,NA,NA,NA,NA,NA,NA,NA,NA,NA,NA,NA,NA,NA,NA,NA,NA,NA,NA,NA,NA,NA,NA,NA,NA,NA,NA,NA,NA,NA,NA,NA,NA,NA,NA,NA,NA,NA,NA,NA,NA,NA,NA,NA,NA,NA,NA,NA,NA,NA,NA,NA,NA,NA,NA,NA,NA,NA,NA,NA,NA
130,42,NA,NA,NA,279.99989999999997,NA,NA,NA,117.9999,NA,NA,NA,96,NA,NA,NA,32.0001,NA,NA,NA,NA,NA,NA,NA,NA,NA,NA,NA,NA,NA,NA,NA,NA,NA,NA,NA,NA,NA,NA,NA,NA,NA,NA,NA,NA,NA,NA,NA,NA,NA,NA,NA,NA,NA,NA,NA,NA,NA,NA,NA,NA,NA,NA,NA,NA,NA,NA,NA,NA,NA,NA,NA,NA,NA,NA,NA,NA,NA,NA,NA,NA,NA,NA,NA,NA,NA,NA,NA,NA,NA,NA,NA,NA,NA,NA,NA,NA,NA,NA,NA,NA,NA,NA,NA,NA,NA,NA,NA,NA
131,27.999899999999997,NA,NA,NA,18,NA,NA,NA,38.0001,NA,NA,NA,62.000099999999996,NA,NA,NA,54,NA,NA,NA,26.000100000000003,NA,NA,NA,20.0001,NA,NA,NA,NA,NA,NA,NA,NA,NA,NA,NA,NA,NA,NA,NA,NA,NA,NA,NA,NA,NA,NA,NA,NA,NA,NA,NA,NA,NA,NA,NA,NA,NA,NA,NA,NA,NA,NA,NA,NA,NA,NA,NA,NA,NA,NA,NA,NA,NA,NA,NA,NA,NA,NA,NA,NA,NA,NA,NA,NA,NA,NA,NA,NA,NA,NA,NA,NA,NA,NA,NA,NA,NA,NA,NA,NA,NA,NA,NA,NA,NA,NA,NA,NA
132,14.0001,NA,NA,NA,27.999899999999997,NA,NA,NA,12,NA,NA,NA,8.0001,NA,NA,NA,NA,NA,NA,NA,NA,NA,NA,NA,NA,NA,NA,NA,NA,NA,NA,NA,NA,NA,NA,NA,NA,NA,NA,NA,NA,NA,NA,NA,NA,NA,NA,NA,NA,NA,NA,NA,NA,NA,NA,NA,NA,NA,NA,NA,NA,NA,NA,NA,NA,NA,NA,NA,NA,NA,NA,NA,NA,NA,NA,NA,NA,NA,NA,NA,NA,NA,NA,NA,NA,NA,NA,NA,NA,NA,NA,NA,NA,NA,NA,NA,NA,NA,NA,NA,NA,NA,NA,NA,NA,NA,NA,NA,NA
135,15.9999,NA,NA,NA,9.9999,NA,NA,NA,32.0001,NA,NA,NA,26.000100000000003,NA,NA,NA,30,NA,NA,NA,74.0001,NA,NA,NA,339.99989999999997,NA,NA,NA,51.999900000000004,NA,NA,NA,39.9999,NA,NA,NA,21.9999,NA,NA,NA,45.9999,NA,NA,NA,38.0001,NA,NA,NA,NA,NA,NA,NA,NA,NA,NA,NA,NA,NA,NA,NA,NA,NA,NA,NA,NA,NA,NA,NA,NA,NA,NA,NA,NA,NA,NA,NA,NA,NA,NA,NA,NA,NA,NA,NA,NA,NA,NA,NA,NA,NA,NA,NA,NA,NA,NA,NA,NA,NA,NA,NA,NA,NA,NA,NA,NA,NA,NA,NA,NA
136,9.9999,NA,NA,NA,38.0001,NA,NA,NA,36,NA,NA,NA,8.0001,NA,NA,NA,9.9999,NA,NA,NA,14.0001,NA,NA,NA,6,NA,NA,NA,18,NA,NA,NA,192,NA,NA,NA,38.0001,NA,NA,NA,NA,NA,NA,NA,NA,NA,NA,NA,NA,NA,NA,NA,NA,NA,NA,NA,NA,NA,NA,NA,NA,NA,NA,NA,NA,NA,NA,NA,NA,NA,NA,NA,NA,NA,NA,NA,NA,NA,NA,NA,NA,NA,NA,NA,NA,NA,NA,NA,NA,NA,NA,NA,NA,NA,NA,NA,NA,NA,NA,NA,NA,NA,NA,NA,NA,NA,NA,NA,NA
139,0,0,21.3336,5.3336,5.3336,5.3336,5.3336,10.6664,5.3336,5.3336,16,5.3336,16,21.3336,37.3336,48,21.3336,26.6664,5.3336,0,0,0,0,5.3336,16,5.3336,10.6664,5.3336,0,74.6664,42.6664,21.3336,42.6664,0,32,21.3336,21.3336,5.3336,5.3336,21.3336,42.6664,21.3336,0,10.6664,21.3336,5.3336,0,0,0,0,0,0,0,0,21.3336,0,21.3336,0,5.3336,0,21.3336,0,0,0,5.3336,0,0,16,37.3336,64,21.3336,85.3336,42.6664,58.6664,80,32,32,26.6664,21.3336,5.3336,16,16,5.3336,0,5.3336,26.6664,16,0,0,5.3336,0,0,0,0,0,0,0,0,NA,NA,NA,NA,NA,NA,NA,NA,NA,NA,NA
140,0,0,0,26.6664,16,21.3336,0,0,0,0,0,10.6664,16,5.3336,0,10.6664,5.3336,0,10.6664,16,16,5.3336,26.6664,48,16,21.3336,21.3336,10.6664,21.3336,32,10.6664,26.6664,10.6664,16,176,250.6664,400,421.3336,448,298.6664,304,229.3336,117.3336,288,501.3336,448,416,192,112,160,181.3336,149.3336,128,48,26.6664,48,26.6664,16,10.6664,21.3336,58.6664,16,26.6664,5.3336,0,10.6664,16,64,112,96,85.3336,106.6664,138.6664,106.6664,42.6664,85.3336,128,64,64,85.3336,117.3336,58.6664,0,37.3336,NA,NA,NA,NA,NA,NA,NA,NA,NA,NA,NA,NA,NA,NA,NA,NA,NA,NA,NA,NA,NA,NA,NA,NA,NA
141,21.3336,26.6664,69.3336,117.3336,53.3336,106.6664,128,74.6664,53.3336,154.6664,21.3336,53.3336,74.6664,48,32,53.3336,181.3336,64,21.3336,96,149.3336,64,80,69.3336,53.3336,26.6664,80,42.6664,48,37.3336,26.6664,42.6664,53.3336,37.3336,69.3336,26.6664,26.6664,10.6664,5.3336,58.6664,74.6664,42.6664,10.6664,32,48,16,21.3336,21.3336,26.6664,48,42.6664,10.6664,21.3336,53.3336,26.6664,37.3336,48,48,5.3336,85.3336,42.6664,32,53.3336,85.3336,64,117.3336,64,53.3336,53.3336,202.6664,234.6664,122.6664,21.3336,138.6664,48,10.6664,85.3336,106.6664,298.6664,330.6664,240,170.6664,416,192,37.3336,NA,NA,NA,NA,NA,NA,NA,NA,NA,NA,NA,NA,NA,NA,NA,NA,NA,NA,NA,NA,NA,NA,NA,NA
142,37.3336,58.6664,58.6664,58.6664,37.3336,16,32,5.3336,10.6664,5.3336,5.3336,16,5.3336,5.3336,0,5.3336,10.6664,0,0,0,10.6664,0,5.3336,5.3336,10.6664,0,0,0,5.3336,0,5.3336,5.3336,0,5.3336,10.6664,0,0,0,0,0,0,0,0,0,0,0,16,0,0,10.6664,5.3336,0,10.6664,10.6664,5.3336,10.6664,5.3336,10.6664,0,0,0,32,128,26.6664,128,10.6664,101.3336,26.6664,58.6664,26.6664,213.3336,165.3336,128,101.3336,90.6664,192,69.3336,128,80,16,0,0,0,0,16,53.3336,21.3336,0,21.3336,320,240,NA,NA,NA,NA,NA,NA,NA,NA,NA,NA,NA,NA,NA,NA,NA,NA,NA,NA
143,37.3336,10.6664,90.6664,421.3336,266.6664,229.3336,69.3336,117.3336,5.3336,26.6664,0,26.6664,5.3336,0,0,0,0,0,0,0,0,0,0,0,0,0,0,0,0,0,0,0,10.6664,26.6664,0,0,5.3336,0,0,0,10.6664,5.3336,10.6664,74.6664,165.3336,240,48,122.6664,330.6664,384,352,981.3336,165.3336,218.6664,186.6664,224,64,85.3336,165.3336,288,16,26.6664,21.3336,21.3336,48,10.6664,10.6664,32,10.6664,0,0,16,5.3336,0,NA,NA,NA,NA,NA,NA,NA,NA,NA,NA,NA,NA,NA,NA,NA,NA,NA,NA,NA,NA,NA,NA,NA,NA,NA,NA,NA,NA,NA,NA,NA,NA,NA,NA,NA
144,69.3336,21.3336,32,106.6664,176,133.3336,186.6664,181.3336,133.3336,170.6664,256,314.6664,528,261.3336,208,186.6664,85.3336,170.6664,144,128,149.3336,330.6664,96,90.6664,138.6664,138.6664,64,58.6664,53.3336,90.6664,122.6664,154.6664,144,149.3336,176,154.6664,64,90.6664,48,42.6664,26.6664,42.6664,16,26.6664,21.3336,0,0,0,0,5.3336,5.3336,0,5.3336,0,0,0,0,0,0,0,0,0,0,0,0,0,0,5.3336,0,0,0,5.3336,0,10.6664,0,149.3336,256,426.6664,304,229.3336,144,117.3336,170.6664,325.3336,400,474.6664,437.3336,944,NA,NA,NA,NA,NA,NA,NA,NA,NA,NA,NA,NA,NA,NA,NA,NA,NA,NA,NA,NA,NA
145,213.3336,144,112,48,48,21.3336,106.6664,96,37.3336,42.6664,16,10.6664,21.3336,21.3336,0,5.3336,5.3336,0,0,0,0,0,0,0,0,0,0,5.3336,0,0,0,0,0,0,0,0,0,0,0,0,0,0,0,0,0,0,0,5.3336,NA,NA,NA,NA,NA,NA,NA,NA,NA,NA,NA,NA,NA,NA,NA,NA,NA,NA,NA,NA,NA,NA,NA,NA,NA,NA,NA,NA,NA,NA,NA,NA,NA,NA,NA,NA,NA,NA,NA,NA,NA,NA,NA,NA,NA,NA,NA,NA,NA,NA,NA,NA,NA,NA,NA,NA,NA,NA,NA,NA,NA
146,5.3336,0,0,0,0,0,0,0,0,0,0,0,0,0,5.3336,16,0,5.3336,0,0,0,0,16,16,0,16,16,26.6664,21.3336,64,10.6664,21.3336,26.6664,21.3336,21.3336,26.6664,21.3336,16,0,32,5.3336,5.3336,0,0,0,0,0,0,5.3336,69.3336,5.3336,74.6664,37.3336,48,112,106.6664,165.3336,144,64,58.6664,32,16,5.3336,10.6664,16,58.6664,42.6664,21.3336,16,32,10.6664,21.3336,21.3336,58.6664,10.6664,117.3336,96,21.3336,74.6664,37.3336,64,NA,NA,NA,NA,NA,NA,NA,NA,NA,NA,NA,NA,NA,NA,NA,NA,NA,NA,NA,NA,NA,NA,NA,NA,NA,NA,NA,NA
147,21.3336,10.6664,21.3336,0,26.6664,42.6664,42.6664,5.3336,21.3336,5.3336,5.3336,10.6664,5.3336,16,26.6664,32,53.3336,85.3336,224,362.6664,250.6664,608,597.3336,629.3336,970.6664,480,693.3336,298.6664,74.6664,757.3336,245.3336,496,181.3336,234.6664,21.3336,64,112,138.6664,101.3336,90.6664,64,149.3336,106.6664,37.3336,10.6664,5.3336,0,0,5.3336,0,5.3336,0,0,10.6664,5.3336,0,0,0,5.3336,0,0,0,0,0,0,0,0,0,32,16,5.3336,5.3336,10.6664,0,0,69.3336,170.6664,154.6664,384,400,682.6664,341.3336,144,133.3336,128,NA,NA,NA,NA,NA,NA,NA,NA,NA,NA,NA,NA,NA,NA,NA,NA,NA,NA,NA,NA,NA,NA,NA,NA
148,202.6664,277.3336,325.3336,85.3336,10.6664,5.3336,5.3336,16,0,0,0,16,5.3336,0,0,5.3336,0,5.3336,0,5.3336,0,0,0,10.6664,10.6664,32,250.6664,122.6664,5.3336,0,0,0,0,0,0,5.3336,0,0,0,0,5.3336,0,0,0,5.3336,0,0,0,5.3336,53.3336,16,32,144,74.6664,21.3336,186.6664,149.3336,106.6664,117.3336,122.6664,506.6664,58.6664,37.3336,5.3336,74.6664,69.3336,69.3336,58.6664,64,32,21.3336,0,10.6664,5.3336,10.6664,5.3336,26.6664,37.3336,69.3336,85.3336,NA,NA,NA,NA,NA,NA,NA,NA,NA,NA,NA,NA,NA,NA,NA,NA,NA,NA,NA,NA,NA,NA,NA,NA,NA,NA,NA,NA,NA
149,0,0,10.6664,0,0,10.6664,5.3336,16,21.3336,69.3336,58.6664,112,85.3336,144,90.6664,53.3336,80,85.3336,64,122.6664,117.3336,53.3336,106.6664,106.6664,58.6664,101.3336,37.3336,58.6664,42.6664,69.3336,58.6664,74.6664,128,58.6664,85.3336,69.3336,101.3336,37.3336,90.6664,42.6664,64,213.3336,176,192,170.6664,181.3336,197.3336,5.3336,48,21.3336,42.6664,26.6664,74.6664,16,10.6664,37.3336,0,16,106.6664,37.3336,64,330.6664,218.6664,229.3336,320,240,144,42.6664,96,69.3336,69.3336,42.6664,64,21.3336,48,85.3336,69.3336,85.3336,90.6664,122.6664,160,154.6664,90.6664,26.6664,53.3336,90.6664,64,85.3336,53.3336,208,NA,NA,NA,NA,NA,NA,NA,NA,NA,NA,NA,NA,NA,NA,NA,NA,NA,NA,NA
150,26.6664,10.6664,37.3336,48,5.3336,16,5.3336,16,0,5.3336,5.3336,10.6664,10.6664,26.6664,10.6664,32,32,90.6664,101.3336,101.3336,96,53.3336,85.3336,69.3336,85.3336,74.6664,122.6664,42.6664,64,53.3336,101.3336,64,58.6664,74.6664,42.6664,106.6664,106.6664,58.6664,96,21.3336,48,37.3336,37.3336,26.6664,48,53.3336,80,48,58.6664,32,42.6664,37.3336,58.6664,74.6664,96,64,96,133.3336,42.6664,26.6664,58.6664,53.3336,10.6664,32,32,32,69.3336,26.6664,26.6664,26.6664,26.6664,37.3336,10.6664,26.6664,5.3336,37.3336,5.3336,16,37.3336,37.3336,26.6664,10.6664,0,0,0,NA,NA,NA,NA,NA,NA,NA,NA,NA,NA,NA,NA,NA,NA,NA,NA,NA,NA,NA,NA,NA,NA,NA,NA
155,16,0,10.6664,10.6664,0,5.3336,0,0,10.6664,37.3336,21.3336,10.6664,10.6664,0,10.6664,32,21.3336,5.3336,5.3336,32,26.6664,21.3336,69.3336,21.3336,21.3336,5.3336,0,5.3336,26.6664,21.3336,16,21.3336,48,80,101.3336,53.3336,74.6664,112,58.6664,42.6664,80,85.3336,181.3336,37.3336,NA,NA,NA,NA,NA,NA,NA,NA,NA,NA,NA,NA,NA,NA,NA,NA,NA,NA,NA,NA,NA,NA,NA,NA,NA,NA,NA,NA,NA,NA,NA,NA,NA,NA,NA,NA,NA,NA,NA,NA,NA,NA,NA,NA,NA,NA,NA,NA,NA,NA,NA,NA,NA,NA,NA,NA,NA,NA,NA,NA,NA,NA,NA,NA,NA
156,32,16,0,0,5.3336,0,0,0,0,0,0,0,0,0,0,0,0,0,0,0,0,0,0,0,0,0,0,0,0,0,NA,NA,NA,NA,NA,NA,NA,NA,NA,NA,NA,NA,NA,NA,NA,NA,NA,NA,NA,NA,NA,NA,NA,NA,NA,NA,NA,NA,NA,NA,NA,NA,NA,NA,NA,NA,NA,NA,NA,NA,NA,NA,NA,NA,NA,NA,NA,NA,NA,NA,NA,NA,NA,NA,NA,NA,NA,NA,NA,NA,NA,NA,NA,NA,NA,NA,NA,NA,NA,NA,NA,NA,NA,NA,NA,NA,NA,NA,NA
157,0,0,0,5.3336,10.6664,26.6664,85.3336,53.3336,80,58.6664,85.3336,90.6664,133.3336,96,96,32,37.3336,133.3336,165.3336,106.6664,117.3336,133.3336,90.6664,122.6664,85.3336,202.6664,197.3336,266.6664,122.6664,74.6664,48,32,26.6664,53.3336,16,21.3336,5.3336,5.3336,10.6664,0,0,0,0,0,0,5.3336,5.3336,0,0,0,0,5.3336,0,5.3336,0,0,NA,NA,NA,NA,NA,NA,NA,NA,NA,NA,NA,NA,NA,NA,NA,NA,NA,NA,NA,NA,NA,NA,NA,NA,NA,NA,NA,NA,NA,NA,NA,NA,NA,NA,NA,NA,NA,NA,NA,NA,NA,NA,NA,NA,NA,NA,NA,NA,NA,NA,NA,NA,NA
158,0,0,0,0,0,0,0,0,0,0,0,0,0,0,0,0,5.3336,0,0,10.6664,26.6664,32,64,26.6664,37.3336,16,48,64,80,48,69.3336,37.3336,10.6664,16,26.6664,5.3336,5.3336,16,16,5.3336,0,0,0,0,0,0,5.3336,5.3336,5.3336,0,0,10.6664,16,10.6664,16,16,16,5.3336,0,10.6664,21.3336,21.3336,21.3336,37.3336,10.6664,5.3336,5.3336,5.3336,0,0,0,5.3336,0,0,5.3336,0,5.3336,5.3336,10.6664,16,5.3336,5.3336,0,0,5.3336,10.6664,NA,NA,NA,NA,NA,NA,NA,NA,NA,NA,NA,NA,NA,NA,NA,NA,NA,NA,NA,NA,NA,NA,NA
159,16,16,21.3336,26.6664,16,16,53.3336,37.3336,10.6664,5.3336,16,16,10.6664,5.3336,10.6664,0,5.3336,10.6664,0,5.3336,5.3336,0,5.3336,0,0,0,53.3336,112,85.3336,53.3336,101.3336,16,37.3336,122.6664,16,138.6664,90.6664,400,229.3336,213.3336,149.3336,250.6664,117.3336,58.6664,37.3336,5.3336,128,181.3336,122.6664,101.3336,90.6664,32,69.3336,53.3336,53.3336,37.3336,42.6664,16,0,48,21.3336,10.6664,32,16,10.6664,48,32,21.3336,16,32,10.6664,5.3336,0,5.3336,5.3336,5.3336,0,5.3336,0,0,0,0,0,0,0,NA,NA,NA,NA,NA,NA,NA,NA,NA,NA,NA,NA,NA,NA,NA,NA,NA,NA,NA,NA,NA,NA,NA,NA
160,16,10.6664,26.6664,26.6664,21.3336,10.6664,112,16,80,69.3336,186.6664,213.3336,202.6664,90.6664,160,266.6664,250.6664,309.3336,181.3336,101.3336,266.6664,74.6664,197.3336,176,192,186.6664,133.3336,282.6664,112,133.3336,208,261.3336,181.3336,80,64,117.3336,69.3336,181.3336,42.6664,80,69.3336,122.6664,64,101.3336,90.6664,128,117.3336,90.6664,106.6664,26.6664,85.3336,53.3336,85.3336,69.3336,53.3336,16,53.3336,64,69.3336,85.3336,37.3336,69.3336,64,53.3336,133.3336,106.6664,101.3336,250.6664,96,106.6664,176,96,53.3336,277.3336,416,597.3336,522.6664,485.3336,416,496,357.3336,666.6664,458.6664,293.3336,506.6664,608,245.3336,106.6664,42.6664,320,NA,NA,NA,NA,NA,NA,NA,NA,NA,NA,NA,NA,NA,NA,NA,NA,NA,NA,NA
161,64,5.3336,48,106.6664,37.3336,58.6664,90.6664,74.6664,112,128,48,26.6664,16,37.3336,53.3336,42.6664,32,32,26.6664,26.6664,5.3336,10.6664,16,10.6664,64,64,10.6664,10.6664,5.3336,10.6664,32,37.3336,10.6664,5.3336,0,5.3336,90.6664,314.6664,154.6664,85.3336,112,69.3336,101.3336,64,53.3336,58.6664,42.6664,69.3336,64,58.6664,26.6664,37.3336,122.6664,101.3336,149.3336,42.6664,112,90.6664,42.6664,48,58.6664,32,58.6664,37.3336,37.3336,5.3336,37.3336,37.3336,90.6664,64,53.3336,32,80,53.3336,64,42.6664,96,58.6664,80,117.3336,90.6664,48,48,37.3336,80,85.3336,5.3336,85.3336,5.3336,32,NA,NA,NA,NA,NA,NA,NA,NA,NA,NA,NA,NA,NA,NA,NA,NA,NA,NA,NA
162,42.6664,42.6664,26.6664,10.6664,26.6664,16,26.6664,10.6664,0,5.3336,5.3336,26.6664,10.6664,5.3336,5.3336,0,0,0,0,0,5.3336,16,26.6664,26.6664,32,16,5.3336,16,21.3336,26.6664,26.6664,16,112,90.6664,42.6664,117.3336,352,144,293.3336,538.6664,432,357.3336,330.6664,394.6664,800,538.6664,453.3336,362.6664,229.3336,208,378.6664,330.6664,693.3336,165.3336,165.3336,245.3336,208,192,197.3336,90.6664,85.3336,64,69.3336,21.3336,10.6664,0,5.3336,0,10.6664,42.6664,256,53.3336,10.6664,5.3336,0,5.3336,5.3336,0,0,0,0,0,0,0,0,0,0,0,0,0,NA,NA,NA,NA,NA,NA,NA,NA,NA,NA,NA,NA,NA,NA,NA,NA,NA,NA,NA
163,80,42.6664,26.6664,74.6664,21.3336,21.3336,5.3336,0,10.6664,5.3336,0,0,5.3336,0,0,5.3336,0,0,0,0,106.6664,74.6664,26.6664,21.3336,16,122.6664,325.3336,336,112,154.6664,240,357.3336,293.3336,330.6664,240,576,341.3336,277.3336,512,309.3336,213.3336,218.6664,213.3336,202.6664,122.6664,101.3336,112,21.3336,21.3336,26.6664,21.3336,21.3336,5.3336,0,0,0,0,0,0,0,5.3336,0,0,0,0,0,48,96,149.3336,133.3336,74.6664,64,85.3336,266.6664,90.6664,106.6664,48,42.6664,37.3336,176,74.6664,37.3336,96,58.6664,74.6664,85.3336,16,10.6664,21.3336,16,32,5.3336,5.3336,10.6664,58.6664,NA,NA,NA,NA,NA,NA,NA,NA,NA,NA,NA,NA,NA,NA
164,0,0,0,0,10.6664,0,0,0,0,0,5.3336,5.3336,16,32,64,106.6664,149.3336,106.6664,96,101.3336,58.6664,80,53.3336,26.6664,5.3336,5.3336,5.3336,10.6664,0,10.6664,10.6664,0,0,0,0,0,5.3336,0,0,5.3336,0,0,0,0,0,0,0,0,0,0,0,5.3336,5.3336,0,0,0,0,0,0,0,10.6664,21.3336,26.6664,26.6664,48,26.6664,42.6664,85.3336,74.6664,197.3336,149.3336,117.3336,101.3336,90.6664,112,144,106.6664,64,48,37.3336,21.3336,37.3336,32,32,32,90.6664,53.3336,42.6664,37.3336,32,5.3336,NA,NA,NA,NA,NA,NA,NA,NA,NA,NA,NA,NA,NA,NA,NA,NA,NA,NA
165,5.3336,10.6664,26.6664,26.6664,5.3336,5.3336,5.3336,5.3336,10.6664,16,21.3336,32,0,10.6664,32,32,58.6664,288,245.3336,224,160,176,250.6664,90.6664,106.6664,112,160,170.6664,144,357.3336,554.6664,362.6664,442.6664,634.6664,474.6664,672,394.6664,480,512,165.3336,256,485.3336,202.6664,378.6664,330.6664,325.3336,330.6664,101.3336,362.6664,533.3336,117.3336,32,69.3336,32,64,58.6664,42.6664,26.6664,21.3336,26.6664,37.3336,64,112,149.3336,240,160,101.3336,58.6664,16,21.3336,10.6664,42.6664,58.6664,32,26.6664,NA,NA,NA,NA,NA,NA,NA,NA,NA,NA,NA,NA,NA,NA,NA,NA,NA,NA,NA,NA,NA,NA,NA,NA,NA,NA,NA,NA,NA,NA,NA,NA,NA,NA
166,0,0,0,0,0,16,5.3336,5.3336,5.3336,10.6664,5.3336,0,5.3336,10.6664,10.6664,5.3336,21.3336,21.3336,10.6664,0,5.3336,58.6664,90.6664,69.3336,106.6664,245.3336,154.6664,208,176,186.6664,176,277.3336,122.6664,160,202.6664,160,224,149.3336,128,117.3336,192,96,122.6664,106.6664,80,80,32,32,96,26.6664,64,26.6664,10.6664,0,5.3336,10.6664,5.3336,0,0,0,0,0,0,5.3336,0,0,0,0,5.3336,0,NA,NA,NA,NA,NA,NA,NA,NA,NA,NA,NA,NA,NA,NA,NA,NA,NA,NA,NA,NA,NA,NA,NA,NA,NA,NA,NA,NA,NA,NA,NA,NA,NA,NA,NA,NA,NA,NA,NA
167,0,0,586.6664,277.3336,5.3336,5.3336,0,0,32,32,101.3336,757.3336,528,474.6664,250.6664,224,160,586.6664,96,122.6664,42.6664,69.3336,106.6664,106.6664,154.6664,85.3336,37.3336,5.3336,10.6664,5.3336,0,32,101.3336,5.3336,32,16,37.3336,16,16,0,0,0,0,0,0,0,0,0,0,0,0,0,16,0,0,0,0,0,0,0,0,0,0,NA,NA,NA,NA,NA,NA,NA,NA,NA,NA,NA,NA,NA,NA,NA,NA,NA,NA,NA,NA,NA,NA,NA,NA,NA,NA,NA,NA,NA,NA,NA,NA,NA,NA,NA,NA,NA,NA,NA,NA,NA,NA,NA,NA,NA,NA
169,93.9999,NA,NA,NA,123.9999,NA,NA,NA,20.0001,NA,NA,NA,42,NA,NA,NA,6,NA,NA,NA,3.9999,NA,NA,NA,15.9999,NA,NA,NA,18,NA,NA,NA,26.000100000000003,NA,NA,NA,20.0001,NA,NA,NA,3.9999,NA,NA,NA,9.9999,NA,NA,NA,3.9999,NA,NA,NA,8.0001,NA,NA,NA,38.0001,NA,NA,NA,18,NA,NA,NA,18,NA,NA,NA,20.0001,NA,NA,NA,21.9999,NA,NA,NA,8.0001,NA,NA,NA,14.0001,NA,NA,NA,NA,NA,NA,NA,NA,NA,NA,NA,NA,NA,NA,NA,NA,NA,NA,NA,NA,NA,NA,NA,NA,NA,NA,NA,NA
170,15.9999,NA,NA,NA,12,NA,NA,NA,26.000100000000003,NA,NA,NA,24,NA,NA,NA,45.9999,NA,NA,NA,2.0000999999999998,NA,NA,NA,33.9999,NA,NA,NA,21.9999,NA,NA,NA,63.999900000000004,NA,NA,NA,50.000099999999996,NA,NA,NA,60,NA,NA,NA,32.0001,NA,NA,NA,26.000100000000003,NA,NA,NA,8.0001,NA,NA,NA,0,NA,NA,NA,2.0000999999999998,NA,NA,NA,0,NA,NA,NA,8.0001,NA,NA,NA,6,NA,NA,NA,0,NA,NA,NA,20.0001,NA,NA,NA,9.9999,NA,NA,NA,NA,NA,NA,NA,NA,NA,NA,NA,NA,NA,NA,NA,NA,NA,NA,NA,NA,NA,NA,NA,NA
176,6,NA,NA,NA,50.000099999999996,NA,NA,NA,60,NA,NA,NA,33.9999,NA,NA,NA,156,NA,NA,NA,60,NA,NA,NA,48,NA,NA,NA,128.0001,NA,NA,NA,54,NA,NA,NA,108,NA,NA,NA,69.9999,NA,NA,NA,60,NA,NA,NA,69.9999,NA,NA,NA,156,NA,NA,NA,182.0001,NA,NA,NA,50.000099999999996,NA,NA,NA,126,NA,NA,NA,110.0001,NA,NA,NA,84,NA,NA,NA,0,NA,NA,NA,NA,NA,NA,NA,NA,NA,NA,NA,NA,NA,NA,NA,NA,NA,NA,NA,NA,NA,NA,NA,NA,NA,NA,NA,NA,NA,NA,NA,NA
177,62.000099999999996,NA,NA,NA,309.99989999999997,NA,NA,NA,42,NA,NA,NA,117.9999,NA,NA,NA,18,NA,NA,NA,38.0001,NA,NA,NA,110.0001,NA,NA,NA,96,NA,NA,NA,90,NA,NA,NA,500.0001,NA,NA,NA,249.99989999999997,NA,NA,NA,152.0001,NA,NA,NA,969.9999,NA,NA,NA,819.9999,NA,NA,NA,1260,NA,NA,NA,704.0001,NA,NA,NA,266.00010000000003,NA,NA,NA,1016.0001,NA,NA,NA,62.000099999999996,NA,NA,NA,26.000100000000003,NA,NA,NA,81.9999,NA,NA,NA,NA,NA,NA,NA,NA,NA,NA,NA,NA,NA,NA,NA,NA,NA,NA,NA,NA,NA,NA,NA,NA,NA,NA,NA,NA
178,38.0001,NA,NA,NA,720,NA,NA,NA,1128,NA,NA,NA,860.0001,NA,NA,NA,48,NA,NA,NA,1179.9999,NA,NA,NA,290.00010000000003,NA,NA,NA,939.9999,NA,NA,NA,201.99989999999997,NA,NA,NA,159.9999,NA,NA,NA,81.9999,NA,NA,NA,69.9999,NA,NA,NA,54,NA,NA,NA,54,NA,NA,NA,164.0001,NA,NA,NA,92.0001,NA,NA,NA,339.99989999999997,NA,NA,NA,90,NA,NA,NA,38.0001,NA,NA,NA,231.99989999999997,NA,NA,NA,297.99989999999997,NA,NA,NA,NA,NA,NA,NA,NA,NA,NA,NA,NA,NA,NA,NA,NA,NA,NA,NA,NA,NA,NA,NA,NA,NA,NA,NA,NA
179,0,NA,NA,NA,0,NA,NA,NA,0,NA,NA,NA,0,NA,NA,NA,0,NA,NA,NA,8.0001,NA,NA,NA,NA,NA,NA,NA,NA,NA,NA,NA,NA,NA,NA,NA,NA,NA,NA,NA,NA,NA,NA,NA,NA,NA,NA,NA,NA,NA,NA,NA,NA,NA,NA,NA,NA,NA,NA,NA,NA,NA,NA,NA,NA,NA,NA,NA,NA,NA,NA,NA,NA,NA,NA,NA,NA,NA,NA,NA,NA,NA,NA,NA,NA,NA,NA,NA,NA,NA,NA,NA,NA,NA,NA,NA,NA,NA,NA,NA,NA,NA,NA,NA,NA,NA,NA,NA,NA
181,6,NA,NA,NA,6,NA,NA,NA,6,NA,NA,NA,0,NA,NA,NA,NA,NA,NA,NA,NA,NA,NA,NA,NA,NA,NA,NA,NA,NA,NA,NA,NA,NA,NA,NA,NA,NA,NA,NA,NA,NA,NA,NA,NA,NA,NA,NA,NA,NA,NA,NA,NA,NA,NA,NA,NA,NA,NA,NA,NA,NA,NA,NA,NA,NA,NA,NA,NA,NA,NA,NA,NA,NA,NA,NA,NA,NA,NA,NA,NA,NA,NA,NA,NA,NA,NA,NA,NA,NA,NA,NA,NA,NA,NA,NA,NA,NA,NA,NA,NA,NA,NA,NA,NA,NA,NA,NA,NA
182,2.0000999999999998,NA,NA,NA,0,NA,NA,NA,0,NA,NA,NA,9.9999,NA,NA,NA,8.0001,NA,NA,NA,2.0000999999999998,NA,NA,NA,6,NA,NA,NA,0,NA,NA,NA,2.0000999999999998,NA,NA,NA,0,NA,NA,NA,8.0001,NA,NA,NA,6,NA,NA,NA,20.0001,NA,NA,NA,110.0001,NA,NA,NA,NA,NA,NA,NA,NA,NA,NA,NA,NA,NA,NA,NA,NA,NA,NA,NA,NA,NA,NA,NA,NA,NA,NA,NA,NA,NA,NA,NA,NA,NA,NA,NA,NA,NA,NA,NA,NA,NA,NA,NA,NA,NA,NA,NA,NA,NA,NA,NA,NA,NA,NA,NA,NA
183,6,NA,NA,NA,0,NA,NA,NA,9.9999,NA,NA,NA,14.0001,NA,NA,NA,12,NA,NA,NA,6,NA,NA,NA,32.0001,NA,NA,NA,18,NA,NA,NA,NA,NA,NA,NA,NA,NA,NA,NA,NA,NA,NA,NA,NA,NA,NA,NA,NA,NA,NA,NA,NA,NA,NA,NA,NA,NA,NA,NA,NA,NA,NA,NA,NA,NA,NA,NA,NA,NA,NA,NA,NA,NA,NA,NA,NA,NA,NA,NA,NA,NA,NA,NA,NA,NA,NA,NA,NA,NA,NA,NA,NA,NA,NA,NA,NA,NA,NA,NA,NA,NA,NA,NA,NA,NA,NA,NA,NA
184,8.0001,NA,NA,NA,15.9999,NA,NA,NA,8.0001,NA,NA,NA,14.0001,NA,NA,NA,12,NA,NA,NA,18,NA,NA,NA,18,NA,NA,NA,6,NA,NA,NA,NA,NA,NA,NA,NA,NA,NA,NA,NA,NA,NA,NA,NA,NA,NA,NA,NA,NA,NA,NA,NA,NA,NA,NA,NA,NA,NA,NA,NA,NA,NA,NA,NA,NA,NA,NA,NA,NA,NA,NA,NA,NA,NA,NA,NA,NA,NA,NA,NA,NA,NA,NA,NA,NA,NA,NA,NA,NA,NA,NA,NA,NA,NA,NA,NA,NA,NA,NA,NA,NA,NA,NA,NA,NA,NA,NA,NA
185,18,NA,NA,NA,20.0001,NA,NA,NA,20.0001,NA,NA,NA,39.9999,NA,NA,NA,44.0001,NA,NA,NA,6,NA,NA,NA,8.0001,NA,NA,NA,NA,NA,NA,NA,NA,NA,NA,NA,NA,NA,NA,NA,NA,NA,NA,NA,NA,NA,NA,NA,NA,NA,NA,NA,NA,NA,NA,NA,NA,NA,NA,NA,NA,NA,NA,NA,NA,NA,NA,NA,NA,NA,NA,NA,NA,NA,NA,NA,NA,NA,NA,NA,NA,NA,NA,NA,NA,NA,NA,NA,NA,NA,NA,NA,NA,NA,NA,NA,NA,NA,NA,NA,NA,NA,NA,NA,NA,NA,NA,NA,NA
186,30,NA,NA,NA,15.9999,NA,NA,NA,3.9999,NA,NA,NA,2.0000999999999998,NA,NA,NA,0,NA,NA,NA,2.0000999999999998,NA,NA,NA,8.0001,NA,NA,NA,NA,NA,NA,NA,NA,NA,NA,NA,NA,NA,NA,NA,NA,NA,NA,NA,NA,NA,NA,NA,NA,NA,NA,NA,NA,NA,NA,NA,NA,NA,NA,NA,NA,NA,NA,NA,NA,NA,NA,NA,NA,NA,NA,NA,NA,NA,NA,NA,NA,NA,NA,NA,NA,NA,NA,NA,NA,NA,NA,NA,NA,NA,NA,NA,NA,NA,NA,NA,NA,NA,NA,NA,NA,NA,NA,NA,NA,NA,NA,NA,NA
187,0,NA,NA,NA,0,NA,NA,NA,0,NA,NA,NA,12,NA,NA,NA,2.0000999999999998,NA,NA,NA,2.0000999999999998,NA,NA,NA,0,NA,NA,NA,0,NA,NA,NA,0,NA,NA,NA,0,NA,NA,NA,0,NA,NA,NA,0,NA,NA,NA,2.0000999999999998,NA,NA,NA,3.9999,NA,NA,NA,2.0000999999999998,NA,NA,NA,NA,NA,NA,NA,NA,NA,NA,NA,NA,NA,NA,NA,NA,NA,NA,NA,NA,NA,NA,NA,NA,NA,NA,NA,NA,NA,NA,NA,NA,NA,NA,NA,NA,NA,NA,NA,NA,NA,NA,NA,NA,NA,NA,NA,NA,NA,NA,NA,NA
189,0,NA,NA,NA,0,NA,NA,NA,0,NA,NA,NA,0,NA,NA,NA,0,NA,NA,NA,0,NA,NA,NA,2.0000999999999998,NA,NA,NA,2.0000999999999998,NA,NA,NA,0,NA,NA,NA,3.9999,NA,NA,NA,21.9999,NA,NA,NA,6,NA,NA,NA,0,NA,NA,NA,0,NA,NA,NA,0,NA,NA,NA,2.0000999999999998,NA,NA,NA,0,NA,NA,NA,0,NA,NA,NA,9.9999,NA,NA,NA,0,NA,NA,NA,3.9999,NA,NA,NA,0,NA,NA,NA,3.9999,NA,NA,NA,3.9999,NA,NA,NA,12,NA,33.9999,75.9999,9.9999,12,0,0,2.0000999999999998,9.9999,0,15.9999,3.9999
190,6,NA,NA,NA,6,NA,NA,NA,18,NA,NA,NA,0,NA,NA,NA,2.0000999999999998,NA,NA,NA,2.0000999999999998,NA,NA,NA,2.0000999999999998,NA,NA,NA,30,NA,NA,NA,6,NA,NA,NA,9.9999,NA,NA,NA,6,NA,NA,NA,27.999899999999997,NA,NA,NA,3.9999,NA,NA,NA,3.9999,NA,NA,NA,15.9999,NA,NA,NA,2.0000999999999998,NA,NA,NA,8.0001,NA,NA,NA,NA,NA,NA,NA,NA,NA,NA,NA,NA,NA,NA,NA,NA,NA,NA,NA,NA,NA,NA,NA,NA,NA,NA,NA,NA,NA,NA,NA,NA,NA,NA,NA,NA,NA,NA,NA,NA,NA,NA,NA,NA
191,8.620800000000001,NA,NA,NA,10.3449,NA,NA,NA,1.7241,NA,NA,NA,12.068999999999999,NA,NA,NA,10.3449,NA,NA,NA,1.7241,NA,NA,NA,3.4482,NA,NA,NA,1.7241,NA,NA,NA,25.862099999999998,NA,NA,NA,25.862099999999998,NA,NA,NA,44.8275,NA,NA,NA,63.7932,NA,NA,NA,94.8276,NA,NA,NA,63.7932,NA,NA,NA,10.3449,NA,NA,NA,3.4482,NA,NA,NA,1.7241,NA,NA,NA,NA,NA,NA,NA,NA,NA,NA,NA,NA,NA,NA,NA,NA,NA,NA,NA,NA,NA,NA,NA,NA,NA,NA,NA,NA,NA,NA,NA,NA,NA,NA,NA,NA,NA,NA,NA,NA,NA,NA,NA,NA
192,0,NA,NA,NA,0,NA,NA,NA,0,NA,NA,NA,0,NA,NA,NA,6,NA,NA,NA,32.0001,NA,NA,NA,188.0001,NA,NA,NA,86.0001,NA,NA,NA,249.99989999999997,NA,NA,NA,68.0001,NA,NA,NA,150,NA,NA,NA,78,NA,NA,NA,75.9999,NA,NA,NA,26.000100000000003,NA,NA,NA,20.0001,NA,NA,NA,86.0001,NA,NA,NA,6,NA,NA,NA,56.000099999999996,NA,NA,NA,0,NA,NA,NA,3.9999,NA,NA,NA,15.9999,NA,NA,NA,NA,NA,NA,NA,NA,NA,NA,NA,NA,NA,NA,NA,NA,NA,NA,NA,NA,NA,NA,NA,NA,NA,NA,NA,NA
193,6,NA,NA,NA,135.9999,NA,NA,NA,297.99989999999997,NA,NA,NA,44.0001,NA,NA,NA,27.999899999999997,NA,NA,NA,14.0001,NA,NA,NA,8.0001,NA,NA,NA,15.9999,NA,NA,NA,15.9999,NA,NA,NA,NA,NA,NA,NA,NA,NA,NA,NA,NA,NA,NA,NA,NA,NA,NA,NA,NA,NA,NA,NA,NA,NA,NA,NA,NA,NA,NA,NA,NA,NA,NA,NA,NA,NA,NA,NA,NA,NA,NA,NA,NA,NA,NA,NA,NA,NA,NA,NA,NA,NA,NA,NA,NA,NA,NA,NA,NA,NA,NA,NA,NA,NA,NA,NA,NA,NA,NA,NA,NA,NA,NA,NA,NA
194,6.6666,NA,NA,NA,5.3334,NA,NA,NA,1.3334,NA,NA,NA,6.6666,NA,NA,NA,16,NA,NA,NA,0,NA,NA,NA,2.6666,NA,NA,NA,1.3334,NA,NA,NA,1.3334,NA,NA,NA,29.3334,NA,NA,NA,9.3334,NA,NA,NA,4,NA,NA,NA,5.3334,NA,NA,NA,16,NA,NA,NA,NA,NA,NA,NA,NA,NA,NA,NA,NA,NA,NA,NA,NA,NA,NA,NA,NA,NA,NA,NA,NA,NA,NA,NA,NA,NA,NA,NA,NA,NA,NA,NA,NA,NA,NA,NA,NA,NA,NA,NA,NA,NA,NA,NA,NA,NA,NA,NA,NA,NA,NA,NA,NA
206,63.999900000000004,NA,NA,NA,60,NA,NA,NA,72,NA,NA,NA,108,NA,NA,NA,69.9999,NA,NA,NA,56.000099999999996,NA,NA,NA,98.0001,NA,NA,NA,315.99989999999997,NA,NA,NA,180,NA,NA,NA,200.00010000000003,NA,NA,NA,216,NA,NA,NA,374.00010000000003,NA,NA,NA,300,NA,NA,NA,246,NA,NA,NA,314.00010000000003,NA,NA,NA,207.99989999999997,NA,NA,NA,123.9999,NA,NA,NA,32.0001,NA,NA,NA,NA,NA,NA,NA,NA,NA,NA,NA,NA,NA,NA,NA,NA,NA,NA,NA,NA,NA,NA,NA,NA,NA,NA,NA,NA,NA,NA,NA,NA,NA,NA,NA,NA,NA,NA,NA,NA
207,0,0,0,5.3336,0,0,0,0,0,0,0,0,0,0,5.3336,0,0,0,0,0,10.6664,0,0,0,10.6664,0,5.3336,0,0,0,0,5.3336,10.6664,0,0,0,0,0,0,0,0,0,0,0,0,0,0,0,0,0,0,0,0,0,0,0,0,0,5.3336,21.3336,0,5.3336,0,0,10.6664,64,10.6664,32,5.3336,10.6664,37.3336,48,32,16,21.3336,5.3336,0,5.3336,0,0,0,0,16,0,0,NA,NA,NA,NA,NA,NA,NA,NA,NA,NA,NA,NA,NA,NA,NA,NA,NA,NA,NA,NA,NA,NA,NA,NA
208,0,0,0,0,0,0,5.3336,53.3336,5.3336,5.3336,0,0,5.3336,0,5.3336,16,5.3336,5.3336,0,0,5.3336,0,5.3336,0,5.3336,5.3336,0,0,0,21.3336,0,0,5.3336,0,0,0,0,0,10.6664,0,0,0,0,0,0,0,192,NA,NA,NA,NA,NA,NA,NA,NA,NA,NA,NA,NA,NA,NA,NA,NA,NA,NA,NA,NA,NA,NA,NA,NA,NA,NA,NA,NA,NA,NA,NA,NA,NA,NA,NA,NA,NA,NA,NA,NA,NA,NA,NA,NA,NA,NA,NA,NA,NA,NA,NA,NA,NA,NA,NA,NA,NA,NA,NA,NA,NA,NA
211,114,NA,NA,NA,104.0001,NA,NA,NA,92.0001,NA,NA,NA,224.00010000000003,NA,NA,NA,392.0001,NA,NA,NA,44.0001,NA,NA,NA,192,NA,NA,NA,332.00010000000003,NA,NA,NA,423.9999,NA,NA,NA,198,NA,NA,NA,342,NA,NA,NA,336,NA,NA,NA,404.0001,NA,NA,NA,276,NA,NA,NA,693.3333,NA,NA,NA,171.9999,NA,NA,NA,90,NA,NA,NA,14.0001,NA,NA,NA,NA,NA,NA,NA,NA,NA,NA,NA,NA,NA,NA,NA,NA,NA,NA,NA,NA,NA,NA,NA,NA,NA,NA,NA,NA,NA,NA,NA,NA,NA,NA,NA,NA,NA,NA,NA,NA
212,27.999899999999997,NA,NA,NA,3.9999,NA,NA,NA,8.0001,NA,NA,NA,6,NA,NA,NA,20.0001,NA,NA,NA,2.0000999999999998,NA,NA,NA,24,NA,NA,NA,54,NA,NA,NA,NA,NA,NA,NA,NA,NA,NA,NA,NA,NA,NA,NA,NA,NA,NA,NA,NA,NA,NA,NA,NA,NA,NA,NA,NA,NA,NA,NA,57.999900000000004,NA,NA,NA,15.9999,NA,NA,NA,NA,NA,NA,NA,NA,NA,NA,NA,NA,NA,NA,NA,NA,NA,NA,NA,NA,NA,NA,NA,NA,NA,NA,NA,NA,NA,NA,NA,NA,NA,NA,NA,NA,NA,NA,NA,NA,NA,NA,NA,NA
213,26.000100000000003,NA,NA,NA,27.999899999999997,NA,NA,NA,117.9999,NA,NA,NA,98.0001,NA,NA,NA,338.00010000000003,NA,NA,NA,705.9999,NA,NA,NA,1250.0001,NA,NA,NA,129.9999,NA,NA,NA,120,NA,NA,NA,342,NA,NA,NA,228,NA,NA,NA,120,NA,NA,NA,42,NA,NA,NA,87.9999,NA,NA,NA,78,NA,NA,NA,150,NA,NA,NA,69.9999,NA,NA,NA,228,NA,NA,NA,111.9999,NA,NA,NA,168,NA,NA,NA,321.99989999999997,NA,NA,NA,123.9999,NA,NA,NA,147.9999,NA,NA,NA,176.0001,NA,NA,NA,68.0001,NA,44.0001,NA,NA,NA,NA,NA,NA,NA,NA,NA,NA
214,21.9999,NA,NA,NA,14.0001,NA,NA,NA,15.9999,NA,NA,NA,3.9999,NA,NA,NA,3.9999,NA,NA,NA,24,NA,NA,NA,15.9999,NA,NA,NA,18,NA,NA,NA,33.9999,NA,NA,NA,68.0001,NA,NA,NA,62.000099999999996,NA,NA,NA,636,NA,NA,NA,471.9999,NA,NA,NA,114,NA,NA,NA,164.0001,NA,NA,NA,266.00010000000003,NA,NA,NA,198,NA,NA,NA,222,NA,NA,NA,38.0001,NA,NA,NA,9.9999,NA,NA,NA,20.0001,NA,NA,NA,45.9999,NA,NA,NA,NA,NA,NA,NA,NA,NA,NA,NA,NA,NA,NA,NA,NA,NA,NA,NA,NA,NA,NA,NA,NA
215,26.6664,48,133.3336,176,64,80,80,53.3336,69.3336,48,53.3336,80,117.3336,58.6664,69.3336,117.3336,149.3336,325.3336,309.3336,800,645.3336,501.3336,624,816,544,757.3336,864,304,320,192,181.3336,176,192,229.3336,266.6664,186.6664,341.3336,320,245.3336,266.6664,133.3336,336,213.3336,144,261.3336,106.6664,80,74.6664,42.6664,58.6664,26.6664,16,37.3336,21.3336,37.3336,16,32,21.3336,202.6664,37.3336,69.3336,112,80,58.6664,213.3336,842.6664,362.6664,352,634.6664,389.3336,240,128,453.3336,437.3336,261.3336,96,96,96,80,160,224,90.6664,117.3336,74.6664,122.6664,186.6664,165.3336,170.6664,53.3336,85.3336,NA,NA,NA,NA,NA,NA,NA,NA,NA,NA,NA,NA,NA,NA,NA,NA,NA,NA,NA
216,64,0,10.6664,10.6664,10.6664,26.6664,21.3336,5.3336,16,16,21.3336,10.6664,0,0,0,0,NA,0,0,0,5.3336,NA,NA,NA,NA,NA,NA,0,NA,0,10.6664,0,0,21.3336,42.6664,181.3336,208,165.3336,208,128,149.3336,192,133.3336,149.3336,181.3336,101.3336,69.3336,96,37.3336,58.6664,5.3336,0,5.3336,10.6664,0,0,5.3336,NA,0,0,0,0,0,0,5.3336,10.6664,0,5.3336,NA,NA,NA,5.3336,0,NA,NA,NA,0,0,10.6664,26.6664,0,5.3336,0,32,58.6664,5.3336,16,112,122.6664,74.6664,96,32,42.6664,NA,NA,NA,NA,NA,NA,NA,NA,NA,NA,NA,NA,NA,NA,NA,NA
219,48,48,16,16,26.6664,21.3336,10.6664,48,64,69.3336,149.3336,53.3336,32,138.6664,117.3336,64,133.3336,106.6664,128,85.3336,69.3336,32,58.6664,96,202.6664,170.6664,272,229.3336,474.6664,261.3336,272,410.6664,384,266.6664,245.3336,314.6664,538.6664,656,442.6664,373.3336,378.6664,528,645.3336,517.3336,346.6664,400,400,448,304,368,282.6664,394.6664,757.3336,309.3336,426.6664,384,405.3336,384,224,197.3336,282.6664,250.6664,240,442.6664,378.6664,314.6664,128,288,170.6664,256,261.3336,186.6664,277.3336,261.3336,250.6664,336,202.6664,277.3336,416,432,442.6664,320,384,453.3336,400,197.3336,NA,NA,NA,NA,NA,NA,NA,NA,NA,NA,NA,NA,NA,NA,NA,NA,NA,NA,NA,NA,NA,NA,NA
220,181.3336,250.6664,138.6664,154.6664,298.6664,272,154.6664,261.3336,266.6664,250.6664,208,213.3336,298.6664,202.6664,133.3336,128,165.3336,149.3336,245.3336,192,112,261.3336,170.6664,160,197.3336,192,192,245.3336,197.3336,266.6664,320,261.3336,192,197.3336,293.3336,309.3336,192,234.6664,368,400,618.6664,437.3336,362.6664,469.3336,325.3336,304,288,378.6664,490.6664,362.6664,378.6664,245.3336,533.3336,405.3336,480,474.6664,496,453.3336,464,570.6664,298.6664,330.6664,277.3336,346.6664,474.6664,288,490.6664,341.3336,384,357.3336,304,240,192,229.3336,304,218.6664,149.3336,138.6664,117.3336,224,240,192,352,490.6664,325.3336,80,NA,NA,NA,NA,NA,NA,NA,NA,NA,NA,NA,NA,NA,NA,NA,NA,NA,NA,NA,NA,NA,NA,NA
239,8,NA,NA,NA,9.3334,NA,NA,NA,21.3334,NA,NA,NA,65.3334,NA,NA,NA,36,NA,NA,NA,238.6666,NA,NA,NA,21.3334,NA,NA,NA,18.6666,NA,NA,NA,86.6666,NA,NA,NA,210.6666,NA,NA,NA,324,NA,NA,NA,244,NA,NA,NA,38.6666,NA,NA,NA,28,NA,NA,NA,77.3334,NA,NA,NA,NA,NA,NA,NA,NA,NA,NA,NA,NA,NA,NA,NA,NA,NA,NA,NA,NA,NA,NA,NA,NA,NA,NA,NA,NA,NA,NA,NA,NA,NA,NA,NA,NA,NA,NA,NA,NA,NA,NA,NA,NA,NA,NA,NA,NA,NA,NA,NA,NA
240,5.3334,NA,NA,NA,141.3334,NA,NA,NA,213.3334,NA,NA,NA,42.6666,NA,NA,NA,113.3334,NA,NA,NA,389.3334,NA,NA,NA,117.3334,NA,NA,NA,76,NA,NA,NA,1.3334,NA,NA,NA,16,NA,NA,NA,217.3334,NA,NA,NA,61.3334,NA,NA,NA,NA,NA,NA,NA,NA,NA,NA,NA,NA,NA,NA,NA,NA,NA,NA,NA,NA,NA,NA,NA,NA,NA,NA,NA,NA,NA,NA,NA,NA,NA,NA,NA,NA,NA,NA,NA,NA,NA,NA,NA,NA,NA,NA,NA,NA,NA,NA,NA,NA,NA,NA,NA,NA,NA,NA,NA,NA,NA,NA,NA,NA
241,6,NA,NA,NA,9.9999,NA,NA,NA,3.9999,NA,NA,NA,9.9999,NA,NA,NA,3.9999,NA,NA,NA,24,NA,NA,NA,66,NA,NA,NA,423.9999,NA,NA,NA,228,NA,NA,NA,30,NA,NA,NA,9.9999,NA,NA,NA,9.9999,NA,NA,NA,42,NA,NA,NA,30,NA,NA,NA,174,NA,NA,NA,50.000099999999996,NA,NA,NA,14.0001,NA,NA,NA,14.0001,NA,NA,NA,9.9999,NA,NA,NA,20.0001,NA,NA,NA,26.000100000000003,NA,NA,NA,21.9999,NA,NA,NA,NA,NA,NA,NA,NA,NA,NA,NA,NA,NA,NA,NA,NA,NA,NA,NA,NA,NA,NA,NA,NA
242,8,NA,NA,NA,12,NA,NA,NA,114.6666,NA,NA,NA,57.3334,NA,NA,NA,97.3334,NA,NA,NA,129.3334,NA,NA,NA,68,NA,NA,NA,88,NA,NA,NA,NA,NA,NA,NA,NA,NA,NA,NA,NA,NA,NA,NA,NA,NA,NA,NA,NA,NA,NA,NA,NA,NA,NA,NA,NA,NA,NA,NA,NA,NA,NA,NA,NA,NA,NA,NA,NA,NA,NA,NA,NA,NA,NA,NA,NA,NA,NA,NA,NA,NA,NA,NA,NA,NA,NA,NA,NA,NA,NA,NA,NA,NA,NA,NA,NA,NA,NA,NA,NA,NA,NA,NA,NA,NA,NA,NA,NA
244,24,NA,NA,NA,74.0001,NA,NA,NA,153.9999,NA,NA,NA,140.0001,NA,NA,NA,320.00010000000003,NA,NA,NA,240,NA,NA,NA,114,NA,NA,NA,182.0001,NA,NA,NA,111.9999,NA,NA,NA,507.9999,NA,NA,NA,309.99989999999997,NA,NA,NA,24,NA,NA,NA,87.9999,NA,NA,NA,110.0001,NA,NA,NA,230.00010000000003,NA,NA,NA,195.99989999999997,NA,NA,NA,204,NA,NA,NA,99.9999,NA,NA,NA,159.9999,NA,NA,NA,30,NA,NA,NA,27.999899999999997,NA,NA,NA,NA,NA,NA,NA,NA,NA,NA,NA,NA,NA,NA,NA,NA,NA,NA,NA,NA,NA,NA,NA,NA,NA,NA,NA,NA
245,0,NA,NA,NA,0,NA,NA,NA,3.9999,NA,NA,NA,0,NA,NA,NA,20.0001,NA,NA,NA,284.00010000000003,NA,NA,NA,15.9999,NA,NA,NA,15.9999,NA,NA,NA,15.9999,NA,NA,NA,9.9999,NA,NA,NA,8.0001,NA,NA,NA,21.9999,NA,NA,NA,2.0000999999999998,NA,NA,NA,0,NA,NA,NA,12,NA,NA,NA,6,NA,NA,NA,0,NA,NA,NA,0,NA,NA,NA,NA,NA,NA,NA,0,NA,NA,NA,2.0000999999999998,NA,NA,NA,0,NA,NA,NA,0,NA,NA,NA,0,NA,NA,NA,NA,NA,NA,NA,NA,NA,NA,NA,NA,NA,NA,NA,NA
254,26.000100000000003,NA,NA,NA,375.99989999999997,NA,NA,NA,84,NA,NA,NA,267.99989999999997,NA,NA,NA,1200,NA,NA,NA,912,NA,NA,NA,1632,NA,NA,NA,615.9999,NA,NA,NA,504,NA,NA,NA,543.9999,NA,NA,NA,615.9999,NA,NA,NA,447.9999,NA,NA,NA,303.99989999999997,NA,NA,NA,408,NA,NA,NA,159.9999,NA,NA,NA,NA,NA,NA,NA,NA,NA,NA,NA,NA,NA,NA,NA,NA,NA,NA,NA,NA,NA,NA,NA,NA,NA,NA,NA,NA,NA,NA,NA,NA,NA,NA,NA,NA,NA,NA,NA,NA,NA,NA,NA,NA,NA,NA,NA,NA,NA,NA,NA,NA
268,18,NA,NA,NA,194.00010000000003,NA,NA,NA,81.9999,NA,NA,NA,291.99989999999997,NA,NA,NA,420,NA,NA,NA,327.99989999999997,NA,NA,NA,452.0001,NA,NA,NA,710.0001,NA,NA,NA,429.9999,NA,NA,NA,384,NA,NA,NA,2216.0001,NA,NA,NA,152.0001,NA,NA,NA,219.99989999999997,NA,NA,NA,318,NA,NA,NA,57.999900000000004,NA,NA,NA,42,NA,NA,NA,81.9999,NA,NA,NA,608.0001,NA,NA,NA,2607.9999,NA,NA,NA,543.9999,NA,NA,NA,1796.0001,NA,NA,NA,NA,NA,NA,NA,NA,NA,NA,NA,NA,NA,NA,NA,NA,NA,NA,NA,NA,NA,NA,NA,NA,NA,NA,NA,NA
269,106.6668,NA,NA,NA,346.66679999999997,NA,NA,NA,480,NA,NA,NA,313.33320000000003,NA,NA,NA,720,NA,NA,NA,966.6666,NA,NA,NA,693.3333,NA,NA,NA,740.0001,NA,NA,NA,606.6666,NA,NA,NA,500.0001,NA,NA,NA,1520.0001,NA,NA,NA,1539.9999,NA,NA,NA,380.00010000000003,NA,NA,NA,800.0001,NA,NA,NA,2960.0001,NA,NA,NA,6960,NA,NA,NA,1320,NA,NA,NA,2079.9999,NA,NA,NA,NA,NA,NA,NA,NA,NA,NA,NA,NA,NA,NA,NA,NA,NA,NA,NA,NA,NA,NA,NA,NA,NA,NA,NA,NA,NA,NA,NA,NA,NA,NA,NA,NA,NA,NA,NA,NA
270,126,NA,NA,NA,480,NA,NA,NA,98.0001,NA,NA,NA,36,NA,NA,NA,9.9999,NA,NA,NA,27.999899999999997,NA,NA,NA,24,NA,NA,NA,18,NA,NA,NA,21.9999,NA,NA,NA,54,NA,NA,NA,44.0001,NA,NA,NA,74.0001,NA,NA,NA,51.999900000000004,NA,NA,NA,42,NA,NA,NA,69.9999,NA,NA,NA,50.000099999999996,NA,NA,NA,45.9999,NA,NA,NA,20.0001,NA,NA,NA,21.9999,NA,NA,NA,20.0001,NA,NA,NA,48,NA,NA,NA,14.0001,NA,NA,NA,20.0001,NA,NA,NA,NA,NA,NA,NA,NA,NA,NA,NA,NA,NA,NA,NA,NA,NA,NA,NA,NA
271,26.000100000000003,NA,NA,NA,39.9999,NA,NA,NA,18,NA,NA,NA,38.0001,NA,NA,NA,24,NA,NA,NA,36,NA,NA,NA,66,NA,NA,NA,288,NA,NA,NA,171.9999,NA,NA,NA,230.00010000000003,NA,NA,NA,222,NA,NA,NA,140.0001,NA,NA,NA,212.00010000000003,NA,NA,NA,236.00010000000003,NA,NA,NA,129.9999,NA,NA,NA,354,NA,NA,NA,183.9999,NA,NA,NA,512.0001,NA,NA,NA,291.99989999999997,NA,NA,NA,447.9999,NA,NA,NA,NA,NA,NA,NA,NA,NA,NA,NA,NA,NA,NA,NA,NA,NA,NA,NA,NA,NA,NA,NA,NA,NA,NA,NA,NA,NA,NA,NA,NA
296,2.6666,NA,NA,NA,38.6666,NA,NA,NA,24,NA,NA,NA,24,NA,NA,NA,9.3334,NA,NA,NA,9.3334,NA,NA,NA,32,NA,NA,NA,76,NA,NA,NA,290.6666,NA,NA,NA,21.3334,NA,NA,NA,68,NA,NA,NA,88,NA,NA,NA,4,NA,NA,NA,5.3334,NA,NA,NA,16,NA,NA,NA,NA,NA,NA,NA,NA,NA,NA,NA,NA,NA,NA,NA,NA,NA,NA,NA,NA,NA,NA,NA,NA,NA,NA,NA,NA,NA,NA,NA,NA,NA,NA,NA,NA,NA,NA,NA,NA,NA,NA,NA,NA,NA,NA,NA,NA,NA,NA,NA,NA
297,8.0001,NA,NA,NA,39.9999,NA,NA,NA,144,NA,NA,NA,183.9999,NA,NA,NA,62.000099999999996,NA,NA,NA,111.9999,NA,NA,NA,237.99989999999997,NA,NA,NA,168,NA,NA,NA,114,NA,NA,NA,20.0001,NA,NA,NA,36,NA,NA,NA,20.0001,NA,NA,NA,183.9999,NA,NA,NA,213.99989999999997,NA,NA,NA,387.9999,NA,NA,NA,255.99989999999997,NA,NA,NA,624,NA,NA,NA,392.0001,NA,NA,NA,560.0001,NA,NA,NA,728.0001,NA,NA,NA,687.9999,NA,NA,NA,390,NA,NA,NA,NA,NA,NA,NA,NA,NA,NA,NA,NA,NA,NA,NA,NA,NA,NA,NA,NA,NA,NA,NA,NA
298,14.0001,NA,NA,NA,92.0001,NA,NA,NA,36,NA,NA,NA,21.9999,NA,NA,NA,26.000100000000003,NA,NA,NA,111.9999,NA,NA,NA,56.000099999999996,NA,NA,NA,456,NA,NA,NA,84,NA,NA,NA,105.9999,NA,NA,NA,26.000100000000003,NA,NA,NA,144,NA,NA,NA,18,NA,NA,NA,27.999899999999997,NA,NA,NA,18,NA,NA,NA,342,NA,NA,NA,654,NA,NA,NA,42,NA,NA,NA,27.999899999999997,NA,NA,NA,15.9999,NA,NA,NA,14.0001,NA,NA,NA,116.0001,NA,NA,NA,NA,NA,NA,NA,NA,NA,NA,NA,NA,NA,NA,NA,NA,NA,NA,NA,NA,NA,NA,NA,NA
299,3.9999,NA,NA,NA,68.0001,NA,NA,NA,128.0001,NA,NA,NA,30,NA,NA,NA,45.9999,NA,NA,NA,50.000099999999996,NA,NA,NA,36,NA,NA,NA,33.9999,NA,NA,NA,39.9999,NA,NA,NA,62.000099999999996,NA,NA,NA,696.9696,NA,NA,NA,27.999899999999997,NA,NA,NA,15.9999,NA,NA,NA,18,NA,NA,NA,0,NA,NA,NA,6,NA,NA,NA,18,NA,NA,NA,182.0001,NA,NA,NA,222,NA,NA,NA,201.99989999999997,NA,NA,NA,50.000099999999996,NA,NA,NA,122.0001,NA,NA,NA,NA,NA,NA,NA,NA,NA,NA,NA,NA,NA,NA,NA,NA,NA,NA,NA,NA,NA,NA,NA,NA
300,0,NA,NA,NA,24,NA,NA,NA,38.0001,NA,NA,NA,42,NA,NA,NA,8.0001,NA,NA,NA,33.9999,NA,NA,NA,3.9999,NA,NA,NA,6,NA,NA,NA,2.0000999999999998,NA,NA,NA,2.0000999999999998,NA,NA,NA,8.0001,NA,NA,NA,26.000100000000003,NA,NA,NA,32.0001,NA,NA,NA,20.0001,NA,NA,NA,20.0001,NA,NA,NA,18,NA,NA,NA,33.9999,NA,NA,NA,32.0001,NA,NA,NA,15.9999,NA,NA,NA,2.0000999999999998,NA,NA,NA,20.0001,NA,NA,NA,14.0001,NA,NA,NA,27.999899999999997,NA,NA,NA,NA,NA,NA,NA,NA,NA,NA,NA,NA,NA,NA,NA,NA,NA,NA,NA,NA
301,0,NA,NA,NA,26.6666,NA,NA,NA,0,NA,NA,NA,2.6666,NA,NA,NA,9.3334,NA,NA,NA,2.6666,NA,NA,NA,5.3334,NA,NA,NA,145.3334,NA,NA,NA,14.6666,NA,NA,NA,14.6666,NA,NA,NA,21.3334,NA,NA,NA,0,NA,NA,NA,0,NA,NA,NA,5.3334,NA,NA,NA,1.3334,NA,NA,NA,NA,NA,NA,NA,NA,NA,NA,NA,NA,NA,NA,NA,NA,NA,NA,NA,NA,NA,NA,NA,NA,NA,NA,NA,NA,NA,NA,NA,NA,NA,NA,NA,NA,NA,NA,NA,NA,NA,NA,NA,NA,NA,NA,NA,NA,NA,NA,NA,NA
302,12,NA,NA,NA,108,NA,NA,NA,81.9999,NA,NA,NA,54,NA,NA,NA,20.0001,NA,NA,NA,51.999900000000004,NA,NA,NA,140.0001,NA,NA,NA,21.9999,NA,NA,NA,30,NA,NA,NA,21.9999,NA,NA,NA,68.0001,NA,NA,NA,45.9999,NA,NA,NA,320.00010000000003,NA,NA,NA,270,NA,NA,NA,176.0001,NA,NA,NA,243.99989999999997,NA,NA,NA,360,NA,NA,NA,72,NA,NA,NA,69.9999,NA,NA,NA,78,NA,NA,NA,18,NA,NA,NA,36,NA,NA,NA,51.999900000000004,NA,NA,NA,NA,NA,NA,NA,NA,NA,NA,NA,NA,NA,NA,NA,NA,NA,NA,NA,NA
304,2.0000999999999998,NA,NA,NA,18,NA,NA,NA,8.0001,NA,NA,NA,26.000100000000003,NA,NA,NA,42,NA,NA,NA,14.0001,NA,NA,NA,48,NA,NA,NA,212.00010000000003,NA,NA,NA,98.0001,NA,NA,NA,164.0001,NA,NA,NA,111.9999,NA,NA,NA,110.0001,NA,NA,NA,56.000099999999996,NA,NA,NA,135.9999,NA,NA,NA,78,NA,NA,NA,488.0001,NA,NA,NA,438,NA,NA,NA,339.99989999999997,NA,NA,NA,86.0001,NA,NA,NA,96,NA,NA,NA,236.00010000000003,NA,NA,NA,903.9999,NA,NA,NA,780,NA,NA,NA,123.9999,NA,NA,NA,NA,NA,NA,NA,NA,NA,NA,NA,NA,NA,NA,NA,NA
305,26.000100000000003,NA,NA,NA,98.0001,NA,NA,NA,42,NA,NA,NA,93.9999,NA,NA,NA,206.00010000000003,NA,NA,NA,132,NA,NA,NA,90,NA,NA,NA,69.9999,NA,NA,NA,192,NA,NA,NA,9.9999,NA,NA,NA,57.999900000000004,NA,NA,NA,93.9999,NA,NA,NA,146.0001,NA,NA,NA,30,NA,NA,NA,224.00010000000003,NA,NA,NA,96,NA,NA,NA,375.99989999999997,NA,NA,NA,102,NA,NA,NA,84,NA,NA,NA,45.9999,NA,NA,NA,26.000100000000003,NA,NA,NA,45.9999,NA,NA,NA,252,NA,NA,NA,NA,NA,NA,NA,NA,NA,NA,NA,NA,NA,NA,NA,NA,NA,NA,NA,NA
306,0,NA,NA,NA,0,NA,NA,NA,15.9999,NA,NA,NA,8.0001,NA,NA,NA,288,NA,NA,NA,464.0001,NA,NA,NA,632.0001,NA,NA,NA,44.0001,NA,NA,NA,318,NA,NA,NA,87.9999,NA,NA,NA,216,NA,NA,NA,72,NA,NA,NA,9.9999,NA,NA,NA,18,NA,NA,NA,54,NA,NA,NA,20.0001,NA,NA,NA,129.9999,NA,NA,NA,38.0001,NA,NA,NA,14.0001,NA,NA,NA,57.999900000000004,NA,NA,NA,3.9999,NA,NA,NA,69.9999,NA,NA,NA,NA,NA,NA,NA,NA,NA,NA,NA,NA,NA,NA,NA,NA,NA,NA,NA,NA,NA,NA,NA,NA
307,0,NA,NA,NA,6,NA,NA,NA,3.9999,NA,NA,NA,6,NA,NA,NA,3.9999,NA,NA,NA,18,NA,NA,NA,9.9999,NA,NA,NA,3.9999,NA,NA,NA,3.9999,NA,NA,NA,2.0000999999999998,NA,NA,NA,2.0000999999999998,NA,NA,NA,2.0000999999999998,NA,NA,NA,6,NA,NA,NA,0,NA,NA,NA,0,NA,NA,NA,3.9999,NA,NA,NA,NA,NA,NA,NA,NA,NA,NA,NA,NA,NA,NA,NA,NA,NA,NA,NA,NA,NA,NA,NA,NA,NA,NA,NA,NA,NA,NA,NA,NA,NA,NA,NA,NA,NA,NA,NA,NA,NA,NA,NA,NA,NA,NA,NA,NA
308,6,NA,NA,NA,0,NA,NA,NA,6,NA,NA,NA,8.0001,NA,NA,NA,3.9999,NA,NA,NA,3.9999,NA,NA,NA,6,NA,NA,NA,2.0000999999999998,NA,NA,NA,6,NA,NA,NA,15.9999,NA,NA,NA,20.0001,NA,NA,NA,14.0001,NA,NA,NA,9.9999,NA,NA,NA,20.0001,NA,NA,NA,8.0001,NA,NA,NA,12,NA,NA,NA,3.9999,NA,NA,NA,9.9999,NA,NA,NA,8.0001,NA,NA,NA,NA,NA,NA,NA,20.0001,NA,NA,NA,26.000100000000003,NA,NA,NA,NA,NA,NA,NA,NA,NA,NA,NA,NA,NA,NA,NA,NA,NA,NA,NA,NA,NA,NA,NA,NA
309,2.0000999999999998,NA,NA,NA,39.9999,NA,NA,NA,180,NA,NA,NA,123.9999,NA,NA,NA,32.0001,NA,NA,NA,132,NA,NA,NA,327.99989999999997,NA,NA,NA,66,NA,NA,NA,216,NA,NA,NA,99.9999,NA,NA,NA,20.0001,NA,NA,NA,212.00010000000003,NA,NA,NA,110.0001,NA,NA,NA,38.0001,NA,NA,NA,20.0001,NA,NA,NA,NA,NA,NA,NA,NA,NA,NA,NA,NA,NA,NA,NA,NA,NA,NA,NA,NA,NA,NA,NA,NA,NA,NA,NA,NA,NA,NA,NA,NA,NA,NA,NA,NA,NA,NA,NA,NA,NA,NA,NA,NA,NA,NA,NA,NA,NA,NA,NA,NA
311,58.6666,NA,NA,NA,24,NA,NA,NA,54.6666,NA,NA,NA,133.3334,NA,NA,NA,101.3334,NA,NA,NA,149.3334,NA,NA,NA,213.3334,NA,NA,NA,65.3334,NA,NA,NA,224,NA,NA,NA,38.6666,NA,NA,NA,76,NA,NA,NA,38.6666,NA,NA,NA,NA,NA,NA,NA,NA,NA,NA,NA,NA,NA,NA,NA,NA,NA,NA,NA,NA,NA,NA,NA,NA,NA,NA,NA,NA,NA,NA,NA,NA,NA,NA,NA,NA,NA,NA,NA,NA,NA,NA,NA,NA,NA,NA,NA,NA,NA,NA,NA,NA,NA,NA,NA,NA,NA,NA,NA,NA,NA,NA,NA,NA
315,138.6664,298.6664,261.3336,229.3336,128,138.6664,234.6664,186.6664,69.3336,197.3336,240,181.3336,112,117.3336,128,229.3336,341.3336,128,64,1155.5552,1440,1280,21.3336,10.6664,42.6664,26.6664,224,2293.3336,106.6664,394.6664,26.6664,21.3336,10.6664,37.3336,42.6664,5.3336,32,53.3336,42.6664,5.3336,16,42.6664,5.3336,26.6664,26.6664,96,32,10.6664,10.6664,5.3336,0,21.3336,74.6664,5.3336,16,32,21.3336,10.6664,NA,NA,NA,NA,NA,NA,NA,NA,NA,NA,NA,NA,NA,NA,NA,NA,NA,NA,NA,NA,NA,NA,NA,NA,NA,NA,NA,NA,NA,NA,NA,NA,NA,NA,NA,NA,NA,NA,NA,NA,NA,NA,NA,NA,NA,NA,NA,NA,NA,NA,NA
316,0,10.6664,0,0,0,0,0,0,10.6664,0,0,0,0,10.6664,0,0,0,0,0,0,0,0,0,5.3336,0,0,10.6664,10.6664,26.6664,138.6664,42.6664,42.6664,5.3336,0,5.3336,0,16,80,80,21.3336,80,58.6664,192,192,272,245.3336,192,122.6664,248.8888,224,197.3336,533.3336,1191.1112,517.3336,581.3336,480,565.3336,384,218.6664,208,93.3336,112,90.6664,37.3336,48,112,53.3336,26.6664,26.6664,37.3336,NA,NA,5.3336,NA,NA,NA,16,NA,NA,NA,37.3336,NA,NA,NA,5.3336,NA,NA,NA,0,NA,NA,NA,NA,NA,NA,NA,NA,NA,NA,NA,NA,NA,NA,NA,NA,NA,NA,NA,NA
321,600.7184,62.684,52.236,141.0384,104.4728,88.8016,94.0256,26.1184,20.8944,5.224,10.4472,0,5.224,0,0,182.8272,391.7728,36.5656,36.5656,57.46,36.5656,36.5656,62.684,203.7216,156.7088,156.7088,235.064,433.5616,344.76,114.92,219.3928,240.2872,360.4312,208.9456,287.3,271.6288,255.9584,287.3,402.22,255.9584,156.7088,250.7344,229.84,62.684,20.8944,41.7888,151.4856,67.9072,15.6712,5.224,5.224,10.4472,5.224,0,10.4472,0,5.224,20.8944,36.5656,78.3544,10.4472,62.684,31.3416,83.5784,83.5784,0,193.27440000000001,370.8784,464.904,88.8016,104.4728,36.5656,41.7888,62.684,57.46,78.3544,20.8944,26.1184,114.92,156.7088,125.3672,323.8656,1305.9096,NA,NA,NA,NA,NA,NA,NA,NA,NA,NA,NA,NA,NA,NA,NA,NA,NA,NA,NA,NA,NA,NA,NA,NA,NA,NA
322,18,NA,NA,NA,56.000099999999996,NA,NA,NA,33.9999,NA,NA,NA,20.0001,NA,NA,NA,2.0000999999999998,NA,NA,NA,6,NA,NA,NA,54,NA,NA,NA,42,NA,NA,NA,14.0001,NA,NA,NA,20.0001,NA,NA,NA,3.9999,NA,NA,NA,2.0000999999999998,NA,NA,NA,33.9999,NA,NA,NA,105.9999,NA,NA,NA,30,NA,NA,NA,14.0001,NA,NA,NA,8.0001,NA,NA,NA,6,NA,NA,NA,2.0000999999999998,NA,NA,NA,9.9999,NA,NA,NA,39.9999,NA,NA,NA,NA,NA,NA,NA,NA,NA,NA,NA,NA,NA,NA,NA,NA,NA,NA,NA,NA,NA,NA,NA,NA,NA,NA,NA,NA
323,6,NA,NA,NA,8.0001,NA,NA,NA,3.9999,NA,NA,NA,2.0000999999999998,NA,NA,NA,3.9999,NA,NA,NA,3.9999,NA,NA,NA,8.0001,NA,NA,NA,2.0000999999999998,NA,NA,NA,2.0000999999999998,NA,NA,NA,9.9999,NA,NA,NA,27.999899999999997,NA,NA,NA,14.0001,NA,NA,NA,14.0001,NA,NA,NA,27.999899999999997,NA,NA,NA,32.0001,NA,NA,NA,18,NA,NA,NA,14.0001,NA,NA,NA,15.9999,NA,NA,NA,12,NA,NA,NA,27.999899999999997,NA,NA,NA,3.9999,NA,NA,NA,2.0000999999999998,NA,NA,NA,NA,NA,NA,NA,NA,NA,NA,NA,NA,NA,NA,NA,NA,NA,NA,NA,NA,NA,NA,NA,NA
324,6,NA,NA,NA,6,NA,NA,NA,8.0001,NA,NA,NA,0,NA,NA,NA,14.0001,NA,NA,NA,2.0000999999999998,NA,NA,NA,2.0000999999999998,NA,NA,NA,2.0000999999999998,NA,NA,NA,3.9999,NA,NA,NA,0,NA,NA,NA,0,NA,NA,NA,0,NA,NA,NA,NA,NA,NA,NA,0,NA,NA,NA,2.0000999999999998,NA,NA,NA,0,NA,NA,NA,6,NA,NA,NA,0,NA,NA,NA,3.9999,NA,NA,NA,3.9999,NA,NA,NA,0,NA,NA,NA,0,NA,NA,NA,NA,NA,NA,NA,NA,NA,NA,NA,NA,NA,NA,NA,NA,NA,NA,NA,NA,NA,NA,NA,NA
325,15.9999,NA,NA,NA,6,NA,NA,NA,9.9999,NA,NA,NA,8.0001,NA,NA,NA,2.0000999999999998,NA,NA,NA,0,NA,NA,NA,3.9999,NA,NA,NA,2.0000999999999998,NA,NA,NA,3.9999,NA,NA,NA,9.9999,NA,NA,NA,3.9999,NA,NA,NA,0,NA,NA,NA,3.9999,NA,NA,NA,2.0000999999999998,NA,NA,NA,21.9999,NA,NA,NA,2.0000999999999998,NA,NA,NA,3.9999,NA,NA,NA,0,NA,NA,NA,2.0000999999999998,NA,NA,NA,21.9999,NA,NA,NA,57.999900000000004,NA,NA,NA,NA,NA,NA,NA,NA,NA,NA,NA,NA,NA,NA,NA,NA,NA,NA,NA,NA,NA,NA,NA,NA,NA,NA,NA,NA
328,81.9999,NA,NA,NA,57.999900000000004,NA,NA,NA,429.9999,NA,NA,NA,57.999900000000004,NA,NA,NA,74.0001,NA,NA,NA,96,NA,NA,NA,194.00010000000003,NA,NA,NA,200.00010000000003,NA,NA,NA,66,NA,NA,NA,183.9999,NA,NA,NA,1032,NA,NA,NA,50.000099999999996,NA,NA,NA,56.000099999999996,NA,NA,NA,42,NA,NA,NA,273.99989999999997,NA,NA,NA,NA,NA,NA,NA,NA,NA,NA,NA,NA,NA,NA,NA,NA,NA,NA,NA,NA,NA,NA,NA,NA,NA,NA,NA,NA,NA,NA,NA,NA,NA,NA,NA,NA,NA,NA,NA,NA,NA,NA,NA,NA,NA,NA,NA,NA,NA,NA,NA,NA
330,15.9999,NA,NA,NA,9.9999,NA,NA,NA,8.0001,NA,NA,NA,15.9999,NA,NA,NA,9.9999,NA,NA,NA,12,NA,NA,NA,44.0001,NA,NA,NA,60,NA,NA,NA,12,NA,NA,NA,15.9999,NA,NA,NA,140.0001,NA,NA,NA,78,NA,NA,NA,54,NA,NA,NA,33.9999,NA,NA,NA,9.9999,NA,NA,NA,2.0000999999999998,NA,NA,NA,2.0000999999999998,NA,NA,NA,3.9999,NA,NA,NA,3.9999,NA,NA,NA,0,NA,NA,NA,3.9999,NA,NA,NA,20.0001,NA,NA,NA,NA,NA,NA,NA,NA,NA,NA,NA,NA,NA,NA,NA,NA,NA,NA,NA,NA,NA,NA,NA,NA
332,2.0000999999999998,NA,NA,NA,0,NA,NA,NA,8.0001,NA,NA,NA,2.0000999999999998,NA,NA,NA,9.9999,NA,NA,NA,45.9999,NA,NA,NA,123.9999,NA,NA,NA,399.9999,NA,NA,NA,62.000099999999996,NA,NA,NA,177.9999,NA,NA,NA,204,NA,NA,NA,392.0001,NA,NA,NA,384,NA,NA,NA,704.0001,NA,NA,NA,248.00010000000003,NA,NA,NA,212.00010000000003,NA,NA,NA,372,NA,NA,NA,236.00010000000003,NA,NA,NA,183.9999,NA,NA,NA,207.99989999999997,NA,NA,NA,456,NA,NA,NA,NA,NA,NA,NA,NA,NA,NA,NA,NA,NA,NA,NA,NA,NA,NA,NA,NA,NA,NA,NA,NA,NA,NA,NA,NA
333,8,NA,NA,NA,8,NA,NA,NA,6.6666,NA,NA,NA,20,NA,NA,NA,22.6666,NA,NA,NA,24,NA,NA,NA,17.3334,NA,NA,NA,362.6666,NA,NA,NA,98.6666,NA,NA,NA,NA,NA,NA,NA,NA,NA,NA,NA,NA,NA,NA,NA,NA,NA,NA,NA,NA,NA,NA,NA,NA,NA,NA,NA,NA,NA,NA,NA,NA,NA,NA,NA,NA,NA,NA,NA,NA,NA,NA,NA,NA,NA,NA,NA,NA,NA,NA,NA,NA,NA,NA,NA,NA,NA,NA,NA,NA,NA,NA,NA,NA,NA,NA,NA,NA,NA,NA,NA,NA,NA,NA,NA,NA
336,58.6664,NA,NA,NA,69.3336,NA,NA,NA,202.6664,NA,NA,NA,202.6664,NA,NA,NA,352,NA,NA,NA,42.6664,NA,NA,NA,154.6664,NA,NA,NA,21.3336,NA,NA,NA,10.6664,NA,NA,NA,37.3336,NA,NA,NA,0,NA,NA,NA,10.6664,NA,NA,NA,NA,NA,NA,NA,NA,NA,NA,NA,NA,NA,NA,NA,NA,NA,NA,NA,NA,NA,NA,NA,NA,NA,NA,NA,NA,NA,NA,NA,NA,NA,NA,NA,NA,NA,NA,NA,NA,NA,NA,NA,NA,NA,NA,NA,NA,NA,NA,NA,NA,NA,NA,NA,NA,NA,NA,NA,NA,NA,NA,NA,NA
339,53.3334,NA,NA,NA,48,NA,NA,NA,61.3334,NA,NA,NA,84,NA,NA,NA,92,NA,NA,NA,121.3334,NA,NA,NA,30.6666,NA,NA,NA,122.6666,NA,NA,NA,90.6666,NA,NA,NA,69.3334,NA,NA,NA,64,NA,NA,NA,89.3334,NA,NA,NA,141.3334,NA,NA,NA,168,NA,NA,NA,109.3334,NA,NA,NA,34.6666,NA,NA,NA,NA,NA,NA,NA,NA,NA,NA,NA,NA,NA,NA,NA,NA,NA,NA,NA,NA,NA,NA,NA,NA,NA,NA,NA,NA,NA,NA,NA,NA,NA,NA,NA,NA,NA,NA,NA,NA,NA,NA,NA,NA,NA,NA,NA,NA
343,12,NA,NA,NA,92.0001,NA,NA,NA,123.9999,NA,NA,NA,60,NA,NA,NA,57.999900000000004,NA,NA,NA,38.0001,NA,NA,NA,15.9999,NA,NA,NA,27.999899999999997,NA,NA,NA,32.0001,NA,NA,NA,20.0001,NA,NA,NA,440.0001,NA,NA,NA,116.0001,NA,NA,NA,99.9999,NA,NA,NA,248.00010000000003,NA,NA,NA,639.9999,NA,NA,NA,99.9999,NA,NA,NA,60,NA,NA,NA,150,NA,NA,NA,87.9999,NA,NA,NA,NA,NA,NA,NA,NA,NA,NA,NA,NA,NA,NA,NA,NA,NA,NA,NA,NA,NA,NA,NA,NA,NA,NA,NA,NA,NA,NA,NA,NA,NA,NA,NA,NA
344,36,NA,NA,NA,123.9999,NA,NA,NA,56.000099999999996,NA,NA,NA,96,NA,NA,NA,158.0001,NA,NA,NA,216,NA,NA,NA,189.9999,NA,NA,NA,74.0001,NA,NA,NA,516,NA,NA,NA,524.0001,NA,NA,NA,128.0001,NA,NA,NA,128.0001,NA,NA,NA,114,NA,NA,NA,87.9999,NA,NA,NA,87.9999,NA,NA,NA,260.00010000000003,NA,NA,NA,596.0001,NA,NA,NA,21.9999,NA,NA,NA,32.0001,NA,NA,NA,50.000099999999996,NA,NA,NA,81.9999,NA,NA,NA,44.0001,NA,NA,NA,44.0001,NA,NA,NA,33.9999,NA,NA,NA,NA,NA,NA,NA,NA,NA,NA,NA,NA,NA,NA,NA,NA
346,0,NA,NA,NA,12,NA,NA,NA,2.0000999999999998,NA,NA,NA,14.0001,NA,NA,NA,8.0001,NA,NA,NA,14.0001,NA,NA,NA,24,NA,NA,NA,32.0001,NA,NA,NA,51.999900000000004,NA,NA,NA,50.000099999999996,NA,NA,NA,87.9999,NA,NA,NA,96,NA,NA,NA,63.999900000000004,NA,NA,NA,210,NA,NA,NA,650.0001,NA,NA,NA,654.5454,NA,NA,NA,69.9999,NA,NA,NA,81.9999,NA,NA,NA,81.9999,NA,NA,NA,87.9999,NA,NA,NA,159.9999,NA,NA,NA,63.999900000000004,NA,NA,NA,NA,NA,NA,NA,NA,NA,NA,NA,NA,NA,NA,NA,NA,NA,NA,NA,NA,NA,NA,NA,NA
348,48,NA,NA,NA,240,NA,NA,NA,57.999900000000004,NA,NA,NA,440.0001,NA,NA,NA,306.6666,NA,NA,NA,152.0001,NA,NA,NA,36,NA,NA,NA,51.999900000000004,NA,NA,NA,164.0001,NA,NA,NA,150,NA,NA,NA,195.99989999999997,NA,NA,NA,48,NA,NA,NA,33.9999,NA,NA,NA,18,NA,NA,NA,NA,NA,NA,NA,NA,NA,NA,NA,NA,NA,NA,NA,NA,NA,NA,NA,NA,NA,NA,NA,NA,NA,NA,NA,NA,NA,NA,NA,NA,NA,NA,NA,NA,NA,NA,NA,NA,NA,NA,NA,NA,NA,NA,NA,NA,NA,NA,NA,NA,NA,NA,NA,NA
349,54,NA,NA,NA,36,NA,NA,NA,26.000100000000003,NA,NA,NA,15.9999,NA,NA,NA,12,NA,NA,NA,14.0001,NA,NA,NA,3.9999,NA,NA,NA,9.9999,NA,NA,NA,38.0001,NA,NA,NA,6,NA,NA,NA,8.0001,NA,NA,NA,14.0001,NA,NA,NA,12,NA,NA,NA,27.999899999999997,NA,NA,NA,90,NA,NA,NA,21.9999,NA,NA,NA,NA,NA,NA,NA,NA,NA,NA,NA,NA,NA,NA,NA,NA,NA,NA,NA,NA,NA,NA,NA,NA,NA,NA,NA,NA,NA,NA,NA,NA,NA,NA,NA,NA,NA,NA,NA,NA,NA,NA,NA,NA,NA,NA,NA,NA
350,9.9999,NA,NA,NA,8.0001,NA,NA,NA,2.0000999999999998,NA,NA,NA,2.0000999999999998,NA,NA,NA,6,NA,NA,NA,9.9999,NA,NA,NA,21.9999,NA,NA,NA,27.999899999999997,NA,NA,NA,38.0001,NA,NA,NA,32.0001,NA,NA,NA,45.9999,NA,NA,NA,63.999900000000004,NA,NA,NA,69.9999,NA,NA,NA,105.9999,NA,NA,NA,62.000099999999996,NA,NA,NA,60,NA,NA,NA,24,NA,NA,NA,38.0001,NA,NA,NA,NA,NA,NA,NA,NA,NA,NA,NA,NA,NA,NA,NA,NA,NA,NA,NA,NA,NA,NA,NA,NA,NA,NA,NA,NA,NA,NA,NA,NA,NA,NA,NA,NA,NA,NA,NA,NA
354,2.6666,NA,NA,NA,4,NA,NA,NA,17.3334,NA,NA,NA,24,NA,NA,NA,54.6666,NA,NA,NA,57.3334,NA,NA,NA,240,NA,NA,NA,184,NA,NA,NA,36,NA,NA,NA,45.3334,NA,NA,NA,74.6666,NA,NA,NA,205.3334,NA,NA,NA,78.6666,NA,NA,NA,34.6666,NA,NA,NA,20,NA,NA,NA,NA,NA,NA,NA,NA,NA,NA,NA,NA,NA,NA,NA,NA,NA,NA,NA,NA,NA,NA,NA,NA,NA,NA,NA,NA,NA,NA,NA,NA,NA,NA,NA,NA,NA,NA,NA,NA,NA,NA,NA,NA,NA,NA,NA,NA,NA,NA,NA,NA
358,14.0001,NA,NA,NA,9.9999,NA,NA,NA,24,NA,NA,NA,48,NA,NA,NA,63.999900000000004,NA,NA,NA,39.9999,NA,NA,NA,30,NA,NA,NA,51.999900000000004,NA,NA,NA,180,NA,NA,NA,104.0001,NA,NA,NA,74.0001,NA,NA,NA,80.0001,NA,NA,NA,42,NA,NA,NA,39.9999,NA,NA,NA,32.0001,NA,NA,NA,54,NA,NA,NA,14.0001,NA,NA,NA,12,NA,NA,NA,39.9999,NA,NA,NA,87.9999,NA,NA,NA,72,NA,NA,NA,92.0001,NA,NA,NA,69.9999,NA,NA,NA,44.0001,NA,NA,NA,92.0001,NA,51.999900000000004,8.0001,2.0000999999999998,14.0001,NA,NA,NA,NA,NA,NA,NA
359,58.6664,NA,NA,NA,26.6664,NA,NA,NA,106.6664,NA,NA,NA,165.3336,NA,NA,NA,42.6664,NA,NA,NA,37.3336,NA,NA,NA,21.3336,NA,NA,NA,26.6664,NA,NA,NA,170.6664,NA,NA,NA,218.6664,NA,NA,NA,234.6664,NA,NA,NA,48,NA,NA,NA,53.3336,NA,NA,NA,192,NA,NA,NA,74.6664,NA,NA,NA,21.3336,NA,NA,NA,21.3336,NA,NA,NA,0,NA,NA,NA,0,NA,NA,NA,5.3336,NA,NA,NA,0,NA,NA,NA,NA,NA,NA,NA,NA,NA,NA,NA,NA,NA,NA,NA,NA,NA,NA,NA,NA,NA,NA,NA,NA,NA,NA,NA,NA
360,0,NA,NA,NA,5.3336,NA,NA,NA,5.3336,NA,NA,NA,5.3336,NA,NA,NA,0,NA,NA,NA,10.6664,NA,NA,NA,48,NA,NA,NA,0,NA,NA,NA,0,NA,NA,NA,21.3336,NA,NA,NA,85.3336,NA,NA,NA,197.3336,NA,NA,NA,48,NA,NA,NA,58.6664,NA,NA,NA,37.3336,NA,NA,NA,16,NA,NA,NA,0,NA,NA,NA,5.3336,NA,NA,NA,21.3336,NA,NA,NA,0,NA,NA,NA,16,NA,NA,NA,10.6664,NA,NA,NA,16,NA,NA,NA,NA,NA,NA,NA,NA,NA,NA,NA,NA,NA,NA,NA,NA,NA,NA,NA,NA
362,0,NA,NA,NA,0,NA,NA,NA,0,NA,NA,NA,4,NA,NA,NA,4,NA,NA,NA,41.3334,NA,NA,NA,44,NA,NA,NA,49.3334,NA,NA,NA,64,NA,NA,NA,42.6666,NA,NA,NA,14.6666,NA,NA,NA,6.6666,NA,NA,NA,17.3334,NA,NA,NA,12,NA,NA,NA,29.3334,NA,NA,NA,37.3334,NA,NA,NA,9.3334,NA,NA,NA,64,NA,NA,NA,16,NA,NA,NA,22.6666,NA,NA,NA,13.3334,NA,NA,NA,24,NA,NA,NA,146.6666,NA,NA,NA,90.6666,NA,NA,NA,82.6666,NA,172,64,NA,NA,NA,NA,NA,NA,NA,NA,NA
364,21.9999,NA,NA,NA,111.9999,NA,NA,NA,260.00010000000003,NA,NA,NA,210,NA,NA,NA,114,NA,NA,NA,264,NA,NA,NA,783.9999,NA,NA,NA,156,NA,NA,NA,158.0001,NA,NA,NA,122.0001,NA,NA,NA,470.0001,NA,NA,NA,735.9999,NA,NA,NA,62.000099999999996,NA,NA,NA,50.000099999999996,NA,NA,NA,96,NA,NA,NA,116.0001,NA,NA,NA,24,NA,NA,NA,6,NA,NA,NA,36,NA,NA,NA,NA,NA,NA,NA,NA,NA,NA,NA,NA,NA,NA,NA,NA,NA,NA,NA,NA,NA,NA,NA,NA,NA,NA,NA,NA,NA,NA,NA,NA,NA,NA,NA,NA
365,3.9999,NA,NA,NA,87.9999,NA,NA,NA,903.9999,NA,NA,NA,903.9999,NA,NA,NA,992.0001,NA,NA,NA,1088.0001,NA,NA,NA,1944,NA,NA,NA,1512,NA,NA,NA,1263.9999,NA,NA,NA,459.9999,NA,NA,NA,486,NA,NA,NA,236.00010000000003,NA,NA,NA,135.9999,NA,NA,NA,230.00010000000003,NA,NA,NA,86.0001,NA,NA,NA,174,NA,NA,NA,120,NA,NA,NA,80.0001,NA,NA,NA,NA,NA,NA,NA,NA,NA,NA,NA,NA,NA,NA,NA,NA,NA,NA,NA,NA,NA,NA,NA,NA,NA,NA,NA,NA,NA,NA,NA,NA,NA,NA,NA,NA,NA,NA,NA,NA
366,0,NA,NA,NA,0,NA,NA,NA,0,NA,NA,NA,3.9999,NA,NA,NA,0,NA,NA,NA,2.0000999999999998,NA,NA,NA,6,NA,NA,NA,2.0000999999999998,NA,NA,NA,12,NA,NA,NA,9.9999,NA,NA,NA,0,NA,NA,NA,6,NA,NA,NA,20.0001,NA,NA,NA,24,NA,NA,NA,9.9999,NA,NA,NA,14.0001,NA,NA,NA,21.9999,NA,NA,NA,6,NA,NA,NA,6,NA,NA,NA,14.0001,NA,NA,NA,12,NA,NA,NA,NA,NA,NA,NA,NA,NA,NA,NA,NA,NA,NA,NA,NA,NA,NA,NA,NA,NA,NA,NA,NA,NA,NA,NA,NA
367,2.0000999999999998,NA,NA,NA,0,NA,NA,NA,0,NA,NA,NA,0,NA,NA,NA,0,NA,NA,NA,0,NA,NA,NA,0,NA,NA,NA,2.0000999999999998,NA,NA,NA,0,NA,NA,NA,6,NA,NA,NA,2.0000999999999998,NA,NA,NA,0,NA,NA,NA,3.9999,NA,NA,NA,32.0001,NA,NA,NA,12,NA,NA,NA,3.9999,NA,NA,NA,30,NA,NA,NA,3.9999,NA,NA,NA,15.9999,NA,NA,NA,14.0001,NA,NA,NA,8.0001,NA,NA,NA,3.9999,NA,NA,NA,NA,NA,NA,NA,NA,NA,NA,NA,NA,NA,NA,NA,NA,NA,NA,NA,NA,NA,NA,NA,NA
372,3.9999,NA,NA,NA,2.0000999999999998,NA,NA,NA,0,NA,NA,NA,0,NA,NA,NA,9.9999,NA,NA,NA,0,NA,NA,NA,0,NA,NA,NA,0,NA,NA,NA,NA,NA,NA,NA,NA,NA,NA,NA,NA,NA,NA,NA,NA,NA,NA,NA,NA,NA,NA,NA,NA,NA,NA,NA,NA,NA,NA,NA,NA,NA,NA,NA,NA,NA,NA,NA,NA,NA,NA,NA,NA,NA,NA,NA,NA,NA,NA,NA,NA,NA,NA,NA,NA,NA,NA,NA,NA,NA,NA,NA,NA,NA,NA,NA,NA,NA,NA,NA,NA,NA,NA,NA,NA,NA,NA,NA,NA
373,12,NA,NA,NA,0,NA,NA,NA,6,NA,NA,NA,6,NA,NA,NA,15.9999,NA,NA,NA,8.0001,NA,NA,NA,0,NA,NA,NA,0,NA,NA,NA,0,NA,NA,NA,0,NA,NA,NA,0,NA,NA,NA,0,NA,NA,NA,2.0000999999999998,NA,NA,NA,15.9999,NA,NA,NA,20.0001,NA,NA,NA,75.9999,NA,NA,NA,20.0001,NA,NA,NA,26.000100000000003,NA,NA,NA,26.000100000000003,NA,NA,NA,18,NA,NA,NA,9.9999,NA,NA,NA,2.0000999999999998,NA,NA,NA,3.9999,NA,NA,NA,6,NA,NA,NA,2.0000999999999998,NA,2.0000999999999998,2.0000999999999998,0,2.0000999999999998,3.9999,NA,NA,NA,NA,NA,NA
385,12,NA,NA,NA,51.999900000000004,NA,NA,NA,128.0001,NA,NA,NA,272.00010000000003,NA,NA,NA,147.9999,NA,NA,NA,84,NA,NA,NA,69.9999,NA,NA,NA,218.00010000000003,NA,NA,NA,375.99989999999997,NA,NA,NA,84,NA,NA,NA,126,NA,NA,NA,33.9999,NA,NA,NA,60,NA,NA,NA,57.999900000000004,NA,NA,NA,21.9999,NA,NA,NA,18,NA,NA,NA,36,NA,NA,NA,30,NA,NA,NA,26.000100000000003,NA,NA,NA,20.0001,NA,NA,NA,NA,NA,NA,NA,NA,NA,NA,NA,NA,NA,NA,NA,NA,NA,NA,NA,NA,NA,NA,NA,NA,NA,NA,NA,NA,NA,NA,NA,NA
